x_m,p_over_rho_m2_s2
0.0,5.13858009821584
0.010033444816053512,5.133413132994725
0.020066889632107024,5.128246167773609
0.030100334448160536,5.123079202552493
0.04013377926421405,5.117912237331377
0.05016722408026756,5.112745272110262
0.06020066889632107,5.107578306889146
0.07023411371237459,5.102411341668031
0.0802675585284281,5.097244376446914
0.0903010033444816,5.092077411225799
0.10033444816053512,5.0869104460046835
0.11036789297658864,5.081743480783568
0.12040133779264214,5.0765765155624525
0.13043478260869565,5.071409550341336
0.14046822742474918,5.066242585120221
0.1505016722408027,5.061075619899105
0.1605351170568562,5.05590865467799
0.1705685618729097,5.050741689456874
0.1806020066889632,5.045574724235759
0.19063545150501673,5.040407759014642
0.20066889632107024,5.035240793793527
0.21070234113712374,5.030073828572411
0.22073578595317728,5.024906863351296
0.23076923076923078,5.01973989813018
0.2408026755852843,5.014572932909064
0.2508361204013378,5.0094059676879485
0.2608695652173913,5.004239002466833
0.2709030100334448,4.999072037245718
0.28093645484949836,4.993905072024602
0.29096989966555187,4.988738106803486
0.3010033444816054,4.98357114158237
0.3110367892976589,4.978404176361255
0.3210702341137124,4.973237211140139
0.3311036789297659,4.968070245919024
0.3411371237458194,4.962903280697907
0.3511705685618729,4.957736315476792
0.3612040133779264,4.9525693502556765
0.37123745819397996,4.947402385034561
0.38127090301003347,4.9422354198134455
0.391304347826087,4.93706845459233
0.4013377926421405,4.931901489371214
0.411371237458194,4.926734524150098
0.4214046822742475,4.921567558928983
0.431438127090301,4.916400593707867
0.44147157190635455,4.911233628486752
0.45150501672240806,4.906066663265635
0.46153846153846156,4.90089969804452
0.47157190635451507,4.895732732823404
0.4816053511705686,4.890565767602289
0.4916387959866221,4.885398802381173
0.5016722408026756,4.880231837160057
0.5117056856187291,4.875064871938942
0.5217391304347826,4.869897906717826
0.5317725752508361,4.864730941496711
0.5418060200668896,4.859563976275595
0.5518394648829431,4.854397011054479
0.5618729096989967,4.849230045833363
0.5719063545150502,4.844063080612248
0.5819397993311037,4.838896115391132
0.5919732441471572,4.833729150170017
0.6020066889632107,4.8285621849489
0.6120401337792643,4.823395219727785
0.6220735785953178,4.8182282545066695
0.6321070234113713,4.813061289285554
0.6421404682274248,4.8078943240644385
0.6521739130434783,4.802727358843322
0.6622073578595318,4.797560393622207
0.6722408026755853,4.792393428401091
0.6822742474916388,4.787226463179976
0.6923076923076923,4.78205949795886
0.7023411371237458,4.776892532737745
0.7123745819397993,4.771725567516628
0.7224080267558528,4.766558602295513
0.7324414715719064,4.761391637074397
0.7424749163879599,4.756224671853282
0.7525083612040134,4.751057706632166
0.7625418060200669,4.74589074141105
0.7725752508361204,4.740723776189935
0.782608695652174,4.735556810968819
0.7926421404682275,4.730389845747704
0.802675585284281,4.725222880526588
0.8127090301003345,4.720055915305472
0.822742474916388,4.714888950084356
0.8327759197324415,4.709721984863241
0.842809364548495,4.704555019642125
0.8528428093645485,4.69938805442101
0.862876254180602,4.694221089199894
0.8729096989966555,4.689054123978778
0.8829431438127091,4.6838871587576625
0.8929765886287626,4.678720193536547
0.9030100334448161,4.6735532283154315
0.9130434782608696,4.668386263094315
0.9230769230769231,4.6632192978732
0.9331103678929766,4.658052332652084
0.9431438127090301,4.652885367430969
0.9531772575250836,4.647718402209853
0.9632107023411371,4.642551436988738
0.9732441471571907,4.637384471767621
0.9832775919732442,4.632217506546506
0.9933110367892977,4.62705054132539
1.0033444816053512,4.621883576104275
1.0133779264214047,4.616716610883159
1.0234113712374582,4.611549645662043
1.0334448160535117,4.606382680440928
1.0434782608695652,4.601215715219812
1.0535117056856187,4.596048749998697
1.0635451505016722,4.590881784777581
1.0735785953177257,4.585714819556465
1.0836120401337792,4.580547854335349
1.0936454849498327,4.575380889114234
1.1036789297658862,4.570213923893118
1.1137123745819397,4.565046958672003
1.1237458193979935,4.5598799934508865
1.133779264214047,4.554713028229771
1.1438127090301005,4.5495460630086555
1.153846153846154,4.54437909778754
1.1638795986622075,4.5392121325664245
1.173913043478261,4.534045167345308
1.1839464882943145,4.528878202124193
1.193979933110368,4.523711236903077
1.2040133779264215,4.518544271681962
1.214046822742475,4.513377306460846
1.2240802675585285,4.50821034123973
1.234113712374582,4.503043376018614
1.2441471571906355,4.497876410797499
1.254180602006689,4.492709445576383
1.2642140468227425,4.487542480355268
1.274247491638796,4.4823755151341516
1.2842809364548495,4.477208549913036
1.294314381270903,4.472041584691921
1.3043478260869565,4.466874619470805
1.31438127090301,4.46170765424969
1.3244147157190636,4.456540689028574
1.334448160535117,4.451373723807458
1.3444816053511706,4.446206758586342
1.354515050167224,4.441039793365227
1.3645484949832776,4.435872828144111
1.374581939799331,4.430705862922996
1.3846153846153846,4.42553889770188
1.394648829431438,4.420371932480764
1.4046822742474916,4.4152049672596485
1.414715719063545,4.410038002038533
1.4247491638795986,4.4048710368174175
1.434782608695652,4.399704071596302
1.4448160535117056,4.394537106375186
1.4548494983277593,4.38937014115407
1.4648829431438128,4.384203175932955
1.4749163879598663,4.379036210711839
1.4849498327759199,4.373869245490724
1.4949832775919734,4.368702280269607
1.5050167224080269,4.363535315048492
1.5150501672240804,4.358368349827376
1.5250836120401339,4.353201384606261
1.5351170568561874,4.3480344193851455
1.5451505016722409,4.342867454164029
1.5551839464882944,4.337700488942914
1.565217391304348,4.332533523721798
1.5752508361204014,4.327366558500683
1.585284280936455,4.322199593279567
1.5953177257525084,4.317032628058451
1.605351170568562,4.311865662837335
1.6153846153846154,4.30669869761622
1.625418060200669,4.301531732395104
1.6354515050167224,4.296364767173989
1.645484949832776,4.2911978019528725
1.6555183946488294,4.286030836731757
1.665551839464883,4.2808638715106415
1.6755852842809364,4.275696906289526
1.68561872909699,4.2705299410684106
1.6956521739130435,4.265362975847294
1.705685618729097,4.260196010626179
1.7157190635451505,4.255029045405063
1.725752508361204,4.249862080183948
1.7357859531772575,4.244695114962832
1.745819397993311,4.239528149741717
1.7558528428093645,4.2343611845206
1.7658862876254182,4.229194219299485
1.7759197324414717,4.224027254078369
1.7859531772575252,4.218860288857254
1.7959866220735787,4.213693323636138
1.8060200668896322,4.208526358415022
1.8160535117056857,4.203359393193907
1.8260869565217392,4.198192427972791
1.8361204013377928,4.193025462751676
1.8461538461538463,4.187858497530559
1.8561872909698998,4.182691532309444
1.8662207357859533,4.177524567088328
1.8762541806020068,4.172357601867213
1.8862876254180603,4.167190636646097
1.8963210702341138,4.162023671424982
1.9063545150501673,4.1568567062038655
1.9163879598662208,4.15168974098275
1.9264214046822743,4.1465227757616345
1.9364548494983278,4.141355810540519
1.9464882943143813,4.136188845319404
1.9565217391304348,4.131021880098288
1.9665551839464883,4.125854914877172
1.9765886287625418,4.120687949656056
1.9866220735785953,4.115520984434941
1.9966555183946488,4.110354019213825
2.0066889632107023,4.10518705399271
2.016722408026756,4.100020088771593
2.0267558528428093,4.094853123550478
2.036789297658863,4.089686158329362
2.0468227424749164,4.084519193108247
2.05685618729097,4.0793522278871315
2.0668896321070234,4.074185262666015
2.076923076923077,4.0690182974449
2.0869565217391304,4.063851332223784
2.096989966555184,4.058684367002669
2.1070234113712374,4.053517401781553
2.117056856187291,4.048350436560437
2.1270903010033444,4.043183471339321
2.137123745819398,4.038016506118206
2.1471571906354514,4.03284954089709
2.157190635451505,4.027682575675975
2.1672240802675584,4.0225156104548585
2.177257525083612,4.017348645233743
2.1872909698996654,4.0121816800126275
2.197324414715719,4.007014714791512
2.2073578595317724,4.001847749570397
2.217391304347826,3.9966807843492806
2.2274247491638794,3.991513819128165
2.237458193979933,3.9863468539070492
2.247491638795987,3.9811798886859338
2.25752508361204,3.9760129234648183
2.267558528428094,3.9708459582437023
2.277591973244147,3.9656789930225864
2.287625418060201,3.960512027801471
2.297658862876254,3.9553450625803555
2.307692307692308,3.95017809735924
2.317725752508361,3.945011132138124
2.327759197324415,3.939844166917008
2.3377926421404682,3.9346772016958926
2.347826086956522,3.929510236474777
2.3578595317725752,3.9243432712536617
2.367892976588629,3.9191763060325457
2.3779264214046822,3.9140093408114303
2.387959866220736,3.9088423755903143
2.3979933110367893,3.903675410369199
2.408026755852843,3.8985084451480834
2.4180602006688963,3.893341479926968
2.42809364548495,3.8881745147058515
2.4381270903010033,3.883007549484736
2.448160535117057,3.8778405842636205
2.4581939799331103,3.872673619042505
2.468227424749164,3.867506653821389
2.4782608695652173,3.8623396886002737
2.488294314381271,3.8571727233791577
2.4983277591973243,3.8520057581580422
2.508361204013378,3.8468387929369268
2.5183946488294313,3.8416718277158113
2.528428093645485,3.8365048624946954
2.5384615384615383,3.83133789727358
2.548494983277592,3.826170932052464
2.5585284280936453,3.8210039668313485
2.568561872909699,3.815837001610233
2.578595317725753,3.810670036389117
2.588628762541806,3.805503071168001
2.59866220735786,3.8003361059468856
2.608695652173913,3.79516914072577
2.618729096989967,3.7900021755046547
2.62876254180602,3.7848352102835388
2.638795986622074,3.779668245062423
2.648829431438127,3.7745012798413073
2.658862876254181,3.769334314620192
2.668896321070234,3.7641673493990764
2.678929765886288,3.7590003841779605
2.688963210702341,3.753833418956845
2.698996655518395,3.748666453735729
2.709030100334448,3.7434994885146136
2.719063545150502,3.738332523293498
2.729096989966555,3.7331655580723826
2.739130434782609,3.7279985928512667
2.749163879598662,3.7228316276301507
2.759197324414716,3.7176646624090353
2.769230769230769,3.7124976971879198
2.779264214046823,3.7073307319668043
2.789297658862876,3.7021637667456884
2.79933110367893,3.6969968015245724
2.809364548494983,3.691829836303457
2.819397993311037,3.6866628710823415
2.82943143812709,3.681495905861226
2.839464882943144,3.67632894064011
2.849498327759197,3.6711619754189946
2.859531772575251,3.6659950101978787
2.869565217391304,3.660828044976763
2.879598662207358,3.6556610797556477
2.8896321070234112,3.650494114534532
2.899665551839465,3.6453271493134163
2.9096989966555187,3.6401601840923004
2.919732441471572,3.634993218871185
2.9297658862876257,3.6298262536500694
2.939799331103679,3.624659288428954
2.9498327759197327,3.6194923232078375
2.959866220735786,3.614325357986722
2.9698996655518397,3.6091583927656066
2.979933110367893,3.603991427544491
2.9899665551839467,3.598824462323375
3.0,3.5936574971022597
3.0,4.43740749710226
3.0301003344481607,4.436826443938418
3.060200668896321,4.436245390774577
3.0903010033444818,4.435664337610735
3.120401337792642,4.435083284446893
3.150501672240803,4.4345022312830515
3.180602006688963,4.43392117811921
3.210702341137124,4.433340124955368
3.240802675585284,4.432759071791526
3.270903010033445,4.432178018627685
3.3010033444816056,4.431596965463843
3.331103678929766,4.431015912300001
3.361204013377926,4.4304348591361595
3.391304347826087,4.429853805972318
3.4214046822742477,4.429272752808476
3.451505016722408,4.428691699644634
3.4816053511705687,4.428110646480793
3.511705685618729,4.427529593316951
3.5418060200668897,4.426948540153109
3.5719063545150505,4.426367486989267
3.6020066889632107,4.425786433825425
3.632107023411371,4.425205380661583
3.6622073578595318,4.4246243274977415
3.6923076923076925,4.4240432743339
3.722408026755853,4.423462221170058
3.7525083612040135,4.422881168006216
3.782608695652174,4.422300114842375
3.8127090301003346,4.421719061678533
3.842809364548495,4.421138008514691
3.8729096989966556,4.4205569553508495
3.903010033444816,4.419975902187008
3.9331103678929766,4.419394849023166
3.9632107023411374,4.418813795859324
3.9933110367892977,4.418232742695483
4.023411371237458,4.417651689531641
4.053511705685619,4.417070636367799
4.083612040133779,4.4164895832039575
4.11371237458194,4.415908530040116
4.143812709030101,4.415327476876274
4.173913043478261,4.414746423712432
4.2040133779264215,4.414165370548591
4.234113712374582,4.413584317384749
4.264214046822742,4.413003264220907
4.294314381270903,4.4124222110570654
4.3244147157190636,4.411841157893224
4.354515050167224,4.411260104729382
4.384615384615385,4.41067905156554
4.414715719063545,4.410097998401699
4.444816053511706,4.409516945237857
4.474916387959866,4.408935892074015
4.505016722408027,4.408354838910173
4.535117056856187,4.407773785746332
4.565217391304348,4.40719273258249
4.595317725752508,4.406611679418648
4.625418060200669,4.406030626254807
4.65551839464883,4.405449573090965
4.68561872909699,4.404868519927123
4.7157190635451505,4.4042874667632805
4.745819397993311,4.403706413599439
4.775919732441472,4.403125360435597
4.806020066889632,4.402544307271755
4.8361204013377925,4.401963254107914
4.866220735785953,4.401382200944072
4.896321070234114,4.40080114778023
4.926421404682275,4.4002200946163885
4.956521739130435,4.399639041452547
4.986622073578595,4.399057988288705
5.016722408026756,4.398476935124863
5.046822742474916,4.397895881961022
5.076923076923077,4.39731482879718
5.107023411371237,4.396733775633338
5.137123745819398,4.3961527224694965
5.167224080267559,4.395571669305655
5.19732441471572,4.394990616141813
5.2274247491638794,4.394409562977971
5.25752508361204,4.39382850981413
5.287625418060201,4.393247456650288
5.317725752508361,4.392666403486446
5.3478260869565215,4.3920853503226045
5.377926421404682,4.391504297158763
5.408026755852843,4.390923243994921
5.438127090301004,4.390342190831079
5.4682274247491645,4.389761137667238
5.498327759197324,4.389180084503396
5.528428093645485,4.388599031339554
5.558528428093645,4.3880179781757125
5.588628762541806,4.387436925011871
5.618729096989966,4.386855871848029
5.648829431438127,4.386274818684187
5.678929765886288,4.385693765520346
5.709030100334449,4.385112712356504
5.739130434782609,4.384531659192662
5.769230769230769,4.3839506060288205
5.79933110367893,4.383369552864979
5.82943143812709,4.382788499701137
5.8595317725752505,4.382207446537294
5.889632107023411,4.381626393373453
5.919732441471572,4.381045340209611
5.949832775919733,4.380464287045769
5.979933110367893,4.379883233881928
6.010033444816054,4.379302180718086
6.040133779264214,4.378721127554244
6.070234113712375,4.378140074390402
6.100334448160535,4.377559021226561
6.130434782608695,4.376977968062719
6.160535117056856,4.376396914898877
6.190635451505017,4.375815861735036
6.2207357859531776,4.375234808571194
6.250836120401338,4.374653755407352
6.280936454849499,4.37407270224351
6.311036789297659,4.373491649079669
6.34113712374582,4.372910595915827
6.3712374581939795,4.372329542751985
6.40133779264214,4.3717484895881435
6.431438127090301,4.371167436424302
6.461538461538462,4.37058638326046
6.491638795986622,4.370005330096618
6.521739130434783,4.369424276932777
6.551839464882944,4.368843223768935
6.581939799331104,4.368262170605093
6.6120401337792645,4.3676811174412515
6.642140468227424,4.36710006427741
6.672240802675585,4.366519011113568
6.702341137123746,4.365937957949726
6.7324414715719065,4.365356904785885
6.762541806020067,4.364775851622043
6.792642140468228,4.364194798458201
6.822742474916388,4.3636137452943595
6.852842809364549,4.363032692130518
6.882943143812709,4.362451638966676
6.913043478260869,4.361870585802834
6.94314381270903,4.361289532638992
6.973244147157191,4.36070847947515
7.003344481605351,4.360127426311308
7.033444816053512,4.359546373147467
7.063545150501672,4.358965319983625
7.093645484949833,4.358384266819783
7.1237458193979935,4.3578032136559415
7.153846153846154,4.3572221604921
7.183946488294315,4.356641107328258
7.214046822742475,4.356060054164416
7.2441471571906355,4.355479001000575
7.274247491638796,4.354897947836733
7.304347826086957,4.354316894672891
7.334448160535117,4.3537358415090495
7.364548494983278,4.353154788345208
7.394648829431438,4.352573735181366
7.424749163879599,4.351992682017524
7.454849498327759,4.351411628853683
7.48494983277592,4.350830575689841
7.51505016722408,4.350249522525999
7.545150501672241,4.3496684693621575
7.575250836120402,4.349087416198316
7.605351170568562,4.348506363034474
7.635451505016722,4.347925309870632
7.665551839464883,4.347344256706791
7.695652173913044,4.346763203542949
7.725752508361204,4.346182150379107
7.7558528428093645,4.345601097215265
7.785953177257525,4.345020044051424
7.816053511705686,4.344438990887582
7.846153846153847,4.34385793772374
7.8762541806020065,4.343276884559899
7.906354515050167,4.342695831396057
7.936454849498328,4.342114778232215
7.966555183946489,4.341533725068373
7.996655518394649,4.340952671904532
8.02675585284281,4.34037161874069
8.05685618729097,4.339790565576848
8.08695652173913,4.339209512413006
8.11705685618729,4.338628459249164
8.14715719063545,4.338047406085322
8.177257525083611,4.3374663529214805
8.207357859531772,4.336885299757639
8.237458193979933,4.336304246593797
8.267558528428093,4.335723193429955
8.297658862876254,4.335142140266114
8.327759197324415,4.334561087102272
8.357859531772576,4.33398003393843
8.387959866220736,4.3333989807745885
8.418060200668897,4.332817927610747
8.448160535117058,4.332236874446905
8.478260869565219,4.331655821283063
8.50836120401338,4.331074768119222
8.538461538461538,4.33049371495538
8.568561872909699,4.329912661791538
8.59866220735786,4.3293316086276965
8.62876254180602,4.328750555463855
8.65886287625418,4.328169502300013
8.68896321070234,4.327588449136171
8.719063545150501,4.32700739597233
8.749163879598662,4.326426342808488
8.779264214046822,4.325845289644646
8.809364548494983,4.3252642364808045
8.839464882943144,4.324683183316963
8.869565217391305,4.324102130153121
8.899665551839465,4.323521076989279
8.929765886287626,4.322940023825438
8.959866220735787,4.322358970661596
8.989966555183948,4.321777917497754
9.020066889632108,4.3211968643339125
9.050167224080267,4.320615811170071
9.080267558528428,4.320034758006229
9.110367892976589,4.319453704842387
9.14046822742475,4.318872651678546
9.17056856187291,4.318291598514704
9.20066889632107,4.317710545350862
9.23076923076923,4.31712949218702
9.26086956521739,4.316548439023178
9.290969899665551,4.315967385859336
9.321070234113712,4.315386332695494
9.351170568561873,4.314805279531653
9.381270903010034,4.314224226367811
9.411371237458194,4.313643173203969
9.441471571906355,4.313062120040128
9.471571906354516,4.312481066876286
9.501672240802677,4.311900013712444
9.531772575250837,4.311318960548602
9.561872909698998,4.310737907384761
9.591973244147157,4.310156854220919
9.622073578595318,4.309575801057077
9.652173913043478,4.3089947478932356
9.68227424749164,4.308413694729394
9.712374581939798,4.307832641565552
9.742474916387959,4.30725158840171
9.77257525083612,4.306670535237869
9.80267558528428,4.306089482074027
9.832775919732441,4.305508428910185
9.862876254180602,4.3049273757463435
9.892976588628763,4.304346322582502
9.923076923076923,4.30376526941866
9.953177257525084,4.303184216254818
9.983277591973245,4.302603163090977
10.013377926421406,4.302022109927135
10.043478260869566,4.301441056763293
10.073578595317727,4.3008600035994515
10.103678929765888,4.30027895043561
10.133779264214047,4.299697897271768
10.163879598662207,4.299116844107926
10.193979933110368,4.298535790944085
10.224080267558529,4.297954737780243
10.254180602006688,4.297373684616401
10.284280936454849,4.2967926314525595
10.31438127090301,4.296211578288718
10.34448160535117,4.295630525124876
10.37458193979933,4.2950494719610335
10.404682274247492,4.294468418797192
10.434782608695652,4.29388736563335
10.464882943143813,4.293306312469508
10.494983277591974,4.292725259305667
10.525083612040135,4.292144206141825
10.555183946488295,4.291563152977983
10.585284280936456,4.2909820998141415
10.615384615384617,4.2904010466503
10.645484949832776,4.289819993486458
10.675585284280936,4.289238940322616
10.705685618729097,4.288657887158775
10.735785953177258,4.288076833994933
10.765886287625419,4.287495780831091
10.795986622073578,4.2869147276672495
10.826086956521738,4.286333674503408
10.856187290969899,4.285752621339566
10.88628762541806,4.285171568175724
10.91638795986622,4.284590515011883
10.946488294314381,4.284009461848041
10.976588628762542,4.283428408684199
11.006688963210703,4.2828473555203574
11.036789297658864,4.282266302356516
11.066889632107024,4.281685249192674
11.096989966555185,4.281104196028832
11.127090301003344,4.280523142864991
11.157190635451505,4.279942089701149
11.187290969899665,4.279361036537307
11.217391304347826,4.278779983373465
11.247491638795987,4.278198930209624
11.277591973244148,4.277617877045782
11.307692307692308,4.27703682388194
11.33779264214047,4.276455770718099
11.36789297658863,4.275874717554257
11.397993311036789,4.275293664390415
11.42809364548495,4.274712611226573
11.45819397993311,4.274131558062731
11.488294314381271,4.273550504898889
11.518394648829432,4.272969451735047
11.548494983277592,4.272388398571206
11.578595317725753,4.271807345407364
11.608695652173914,4.271226292243522
11.638795986622073,4.2706452390796805
11.668896321070234,4.270064185915839
11.698996655518394,4.269483132751997
11.729096989966555,4.268902079588155
11.759197324414716,4.268321026424314
11.789297658862877,4.267739973260472
11.819397993311037,4.26715892009663
11.849498327759198,4.2665778669327885
11.879598662207359,4.265996813768947
11.909698996655518,4.265415760605105
11.939799331103679,4.264834707441263
11.96989966555184,4.264253654277422
12.0,4.26367260111358
12.0,1.5449226011135804
12.010033444816054,1.5397556358924644
12.020066889632107,1.5345886706713494
12.03010033444816,1.5294217054502333
12.040133779264215,1.5242547402291173
12.050167224080267,1.5190877750080023
12.060200668896321,1.5139208097868861
12.070234113712374,1.508753844565771
12.080267558528428,1.5035868793446552
12.090301003344482,1.4984199141235393
12.100334448160535,1.4932529489024242
12.110367892976589,1.488085983681308
12.120401337792643,1.4829190184601921
12.130434782608695,1.477752053239077
12.14046822742475,1.472585088017961
12.150501672240802,1.467418122796846
12.160535117056856,1.46225115757573
12.17056856187291,1.457084192354614
12.180602006688963,1.4519172271334988
12.190635451505017,1.4467502619123829
12.200668896321071,1.441583296691267
12.210702341137123,1.436416331470152
12.220735785953178,1.4312493662490358
12.23076923076923,1.4260824010279207
12.240802675585284,1.4209154358068048
12.250836120401338,1.4157484705856889
12.26086956521739,1.4105815053645736
12.270903010033445,1.4054145401434577
12.280936454849499,1.4002475749223418
12.290969899665551,1.3950806097012267
12.301003344481606,1.3899136444801106
12.31103678929766,1.3847466792589946
12.321070234113712,1.3795797140378796
12.331103678929766,1.3744127488167637
12.341137123745819,1.3692457835956484
12.351170568561873,1.3640788183745325
12.361204013377927,1.3589118531534166
12.37123745819398,1.3537448879323015
12.381270903010034,1.3485779227111854
12.391304347826088,1.3434109574900694
12.40133779264214,1.3382439922689544
12.411371237458194,1.3330770270478385
12.421404682274247,1.3279100618267232
12.431438127090301,1.3227430966056073
12.441471571906355,1.3175761313844914
12.451505016722408,1.3124091661633763
12.461538461538462,1.3072422009422602
12.471571906354516,1.3020752357211443
12.481605351170568,1.2969082705000292
12.491638795986622,1.2917413052789133
12.501672240802675,1.286574340057798
12.511705685618729,1.281407374836682
12.521739130434783,1.2762404096155662
12.531772575250836,1.271073444394451
12.54180602006689,1.265906479173335
12.551839464882944,1.260739513952219
12.561872909698996,1.255572548731104
12.57190635451505,1.250405583509988
12.581939799331103,1.2452386182888728
12.591973244147157,1.240071653067757
12.602006688963211,1.234904687846641
12.612040133779264,1.2297377226255257
12.622073578595318,1.2245707574044098
12.632107023411372,1.2194037921832939
12.642140468227424,1.2142368269621788
12.652173913043478,1.209069861741063
12.662207357859533,1.2039028965199468
12.672240802675585,1.1987359312988317
12.68227424749164,1.1935689660777158
12.692307692307692,1.1884020008566005
12.702341137123746,1.1832350356354846
12.7123745819398,1.1780680704143687
12.722408026755852,1.1729011051932536
12.732441471571907,1.1677341399721377
12.74247491638796,1.1625671747510216
12.752508361204013,1.1574002095299065
12.762541806020067,1.1522332443087906
12.77257525083612,1.1470662790876753
12.782608695652174,1.1418993138665594
12.792642140468228,1.1367323486454435
12.80267558528428,1.1315653834243284
12.812709030100335,1.1263984182032125
12.822742474916389,1.1212314529820964
12.832775919732441,1.1160644877609813
12.842809364548495,1.1108975225398654
12.852842809364548,1.1057305573187501
12.862876254180602,1.1005635920976342
12.872909698996656,1.0953966268765183
12.882943143812708,1.0902296616554032
12.892976588628763,1.085062696434287
12.903010033444817,1.0798957312131712
12.91304347826087,1.0747287659920561
12.923076923076923,1.06956180077094
12.933110367892976,1.064394835549825
12.94314381270903,1.059227870328709
12.953177257525084,1.054060905107593
12.963210702341136,1.048893939886478
12.97324414715719,1.0437269746653621
12.983277591973245,1.038560009444246
12.993311036789297,1.033393044223131
13.003344481605351,1.0282260790020148
13.013377926421406,1.0230591137808989
13.023411371237458,1.0178921485597838
13.033444816053512,1.012725183338668
13.043478260869565,1.0075582181175529
13.053511705685619,1.002391252896437
13.063545150501673,0.9972242876753208
13.073578595317725,0.9920573224542057
13.08361204013378,0.9868903572330897
13.093645484949832,0.9817233920119747
13.103678929765886,0.9765564267908586
13.11371237458194,0.9713894615697427
13.123745819397993,0.9662224963486276
13.133779264214047,0.9610555311275116
13.143812709030101,0.9558885659063956
13.153846153846153,0.9507216006852806
13.163879598662207,0.9455546354641645
13.173913043478262,0.9403876702430485
13.183946488294314,0.9352207050219334
13.193979933110368,0.9300537398008174
13.204013377926422,0.9248867745797015
13.214046822742475,0.9197198093585864
13.224080267558529,0.9145528441374704
13.234113712374581,0.9093858789163554
13.244147157190636,0.9042189136952393
13.25418060200669,0.8990519484741233
13.264214046822742,0.8938849832530082
13.274247491638796,0.8887180180318922
13.284280936454849,0.8835510528107772
13.294314381270903,0.8783840875896611
13.304347826086957,0.8732171223685452
13.31438127090301,0.8680501571474301
13.324414715719064,0.8628831919263141
13.334448160535118,0.8577162267051981
13.34448160535117,0.852549261484083
13.354515050167224,0.847382296262967
13.364548494983278,0.8422153310418511
13.37458193979933,0.8370483658207359
13.384615384615385,0.83188140059962
13.394648829431437,0.8267144353785049
13.404682274247492,0.8215474701573889
13.414715719063546,0.8163805049362729
13.424749163879598,0.8112135397151579
13.434782608695652,0.8060465744940418
13.444816053511705,0.8008796092729268
13.454849498327759,0.7957126440518107
13.464882943143813,0.7905456788306948
13.474916387959865,0.7853787136095797
13.48494983277592,0.7802117483884637
13.494983277591974,0.7750447831673477
13.505016722408026,0.7698778179462327
13.51505016722408,0.7647108527251166
13.525083612040135,0.7595438875040007
13.535117056856187,0.7543769222828856
13.545150501672241,0.7492099570617696
13.555183946488295,0.7440429918406536
13.565217391304348,0.7388760266195386
13.575250836120402,0.7337090613984225
13.585284280936454,0.7285420961773075
13.595317725752508,0.7233751309561914
13.605351170568563,0.7182081657350755
13.615384615384615,0.7130412005139604
13.62541806020067,0.7078742352928444
13.635451505016722,0.7027072700717293
13.645484949832776,0.6975403048506134
13.65551839464883,0.6923733396294973
13.665551839464882,0.6872063744083823
13.675585284280936,0.6820394091872662
13.68561872909699,0.6768724439661503
13.695652173913043,0.6717054787450352
13.705685618729097,0.6665385135239192
13.715719063545151,0.6613715483028032
13.725752508361204,0.6562045830816882
13.735785953177258,0.6510376178605721
13.74581939799331,0.6458706526394571
13.755852842809364,0.640703687418341
13.765886287625419,0.635536722197225
13.775919732441471,0.63036975697611
13.785953177257525,0.6252027917549939
13.79598662207358,0.620035826533878
13.806020066889632,0.614868861312763
13.816053511705686,0.6097018960916469
13.826086956521738,0.6045349308705319
13.836120401337793,0.5993679656494159
13.846153846153847,0.5942010004282998
13.856187290969899,0.5890340352071848
13.866220735785953,0.5838670699860687
13.876254180602007,0.5787001047649528
13.88628762541806,0.5735331395438377
13.896321070234114,0.5683661743227217
13.906354515050168,0.5631992091016057
13.91638795986622,0.5580322438804907
13.926421404682275,0.5528652786593746
13.936454849498327,0.5476983134382596
13.946488294314381,0.5425313482171437
13.956521739130435,0.5373643829960275
13.966555183946488,0.5321974177749125
13.976588628762542,0.5270304525537965
13.986622073578594,0.5218634873326815
13.996655518394649,0.5166965221115654
14.006688963210703,0.5115295568904494
14.016722408026755,0.5063625916693344
14.02675585284281,0.5011956264482185
14.036789297658864,0.4960286612271023
14.046822742474916,0.4908616960059873
14.05685618729097,0.48569473078487135
14.066889632107024,0.4805277655637554
14.076923076923077,0.47536080034264017
14.08695652173913,0.47019383512152424
14.096989966555185,0.4650268699004083
14.107023411371237,0.4598599046792933
14.117056856187292,0.4546929394581771
14.127090301003344,0.4495259742370621
14.137123745819398,0.44435900901594616
14.14715719063545,0.4391920437948311
14.157190635451505,0.434025078573715
14.167224080267559,0.42885811335259905
14.177257525083611,0.423691148131484
14.187290969899665,0.4185241829103681
14.19732441471572,0.41335721768925193
14.207357859531772,0.4081902524681369
14.217391304347826,0.40302328724702097
14.22742474916388,0.39785632202590504
14.237458193979933,0.3926893568047898
14.247491638795987,0.38752239158367385
14.257525083612041,0.3823554263625579
14.267558528428093,0.3771884611414429
14.277591973244148,0.37202149592032674
14.287625418060202,0.3668545306992108
14.297658862876254,0.3616875654780958
14.307692307692308,0.3565206002569796
14.31772575250836,0.3513536350358646
14.327759197324415,0.34618666981474866
14.337792642140467,0.3410197045936336
14.347826086956522,0.3358527393725177
14.357859531772576,0.33068577415140155
14.367892976588628,0.3255188089302865
14.377926421404682,0.3203518437091706
14.387959866220736,0.31518487848805443
14.397993311036789,0.3100179132669394
14.408026755852843,0.30485094804582347
14.418060200668897,0.29968398282470754
14.42809364548495,0.2945170176035925
14.438127090301004,0.28935005238247635
14.448160535117058,0.2841830871613604
14.45819397993311,0.2790161219402454
14.468227424749164,0.27384915671912924
14.478260869565217,0.2686821914980142
14.488294314381271,0.2635152262768983
14.498327759197323,0.25834826105578323
14.508361204013378,0.2531812958346671
14.518394648829432,0.24801433061355116
14.528428093645484,0.24284736539243612
14.538461538461538,0.2376804001713202
14.548494983277592,0.23251343495020405
14.558528428093645,0.227346469729089
14.568561872909699,0.22217950450797308
14.578595317725753,0.21701253928685715
14.588628762541806,0.2118455740657419
14.59866220735786,0.20667860884462597
14.608695652173914,0.20151164362351004
14.618729096989966,0.196344678402395
14.62876254180602,0.19117771318127885
14.638795986622075,0.18601074796016293
14.648829431438127,0.1808437827390479
14.658862876254181,0.17567681751793196
14.668896321070234,0.1705098522968167
14.678929765886288,0.16534288707570077
14.68896321070234,0.16017592185458573
14.698996655518394,0.1550089566334698
14.709030100334449,0.14984199141235366
14.719063545150501,0.14467502619123862
14.729096989966555,0.1395080609701227
14.73913043478261,0.13434109574900677
14.749163879598662,0.1291741305278915
14.759197324414716,0.12400716530677558
14.76923076923077,0.11884020008565965
14.779264214046822,0.11367323486454461
14.789297658862877,0.10850626964342847
14.79933110367893,0.10333930442231254
14.809364548494983,0.0981723392011975
14.819397993311037,0.09300537398008157
14.82943143812709,0.08783840875896631
14.839464882943144,0.08267144353785039
14.849498327759196,0.07750447831673535
14.85953177257525,0.07233751309561942
14.869565217391305,0.06717054787450327
14.879598662207357,0.062003582653388234
14.889632107023411,0.05683661743227231
14.899665551839465,0.05166965221115638
14.909698996655518,0.04650268699004112
14.919732441471572,0.04133572176892519
14.929765886287626,0.036168756547809267
14.939799331103679,0.031001791326694228
14.949832775919733,0.02583482610557808
14.959866220735787,0.020667860884462153
14.96989966555184,0.015500895663347114
14.979933110367893,0.010333930442230965
14.989966555183948,0.0051669652211150385
15.0,0.0
