4.54928691314,2.09046660622
4.67223329176,2.01688809671
4.79517967038,1.95903001684
4.918126049,1.91300578493
5.04107242762,1.87617194129
5.16401880623,1.84642983548
5.28696518485,1.82224917384
5.40991156347,1.80254743272
5.53285794209,1.78624084674
5.65580432071,1.773022502
5.77875069933,1.76189548778
5.90169707795,1.75314575131
6.02464345657,1.74564840865
6.14758983519,1.74016240842
6.27053621381,1.73534259319
6.39348259243,1.73190608454
6.51642897105,1.72925388876
6.63937534967,1.72730326495
6.76232172828,1.72591393673
6.8852681069,1.72500773738
7.00821448552,1.72449409752
7.13116086414,1.72419884875
7.25410724276,1.72407773528
7.37705362138,1.72413755854
7.5,1.72411914804
3,2.4982311726
3,2.09386313345
3,1.94659102949
3,1.72765973356
3,1.50472642948
3,1.26868078923
3,1.02142562845
3,0.78225488007
3,0.706185156668
3,0.895553432359
3,0.938546863806
3,0.855864648831
3,0.716514246057
3,0.566927347118
3,0.429368199491
3,0.311565171217
3,0.0392926037855
3.00225,0.0849175432435
3.00705524556,0.175635273886
3.01251239329,0.228714696786
3.01870988328,0.255422037021
3.02574815385,0.259853543739
3.03374126924,0.223179337038
3.04281876818,0.142942571011
3.05312776322,0.449828351117
3.06483532492,0.758011787504
3.07813118937,1.12473364408
3.0932308332,1.56299355015
3.11037896557,2.05659052439
3.12985349406,2.56835039981
3.15197002848,3.07801211137
3.17708699576,3.43233435483
3.20561144869,3.57474885177
3.23800566277,3.53350647107
3.27479462796,3.32524311712
3.31657455684,2.94239881068
3.36402254693,2.22626608855
3.41790755404,0.942742202817
3.47910285411,1.74679359882
3.54860019577,2.29559686221
3.62752587297,2.75124093263
3.71715897793,3.02488794252
3.81895213058,3.06931717699
3.93455502004,2.93582873987
4.05750139866,2.69161345652
4.18044777728,2.47443402734
4.3033941559,2.30961672723
4.42634053452,2.18540923435
2.62731723449,1.68639556522
2.64502045351,1.68680812496
2.66208883741,1.68719149431
2.67854515128,1.68754572646
2.69441134389,1.68787608919
2.7097085769,1.68818021311
2.72445725313,1.688461929
2.73867704376,1.68872234506
2.75238691454,1.68896388343
2.76560515116,1.68918735987
2.77834938353,1.68939589509
2.7906366094,1.68958869291
2.80248321694,1.68976726368
2.81390500669,1.68993235551
2.82491721255,1.69008572607
2.83553452214,1.69022693838
2.8457710964,1.69035996706
2.85564058844,1.6904792761
2.86515616177,1.6905945919
2.8743305079,1.69069742424
2.88317586317,1.69079744496
2.89170402515,1.69088960047
2.89992636837,1.69097939901
2.90785385942,1.6910649733
2.91549707168,1.69115110729
2.92286619935,1.69123797779
2.92997107106,1.691332834
2.93682116299,1.69144212036
2.94342561152,1.69157696664
2.94979322539,1.69175452357
2.95593249746,1.69200254673
2.96185161603,1.69236654874
2.96755847579,1.69291624119
2.9730606883,1.69377648532
2.97836559218,1.69519747594
2.98348026291,1.6976268902
2.9884115222,1.70313426971
2.99316594719,1.71122802085
2.99774987911,1.73040121937
3,3.45893999151
0.0559592360845,2.11596731522
0.165871017351,1.52003322208
0.271841376485,1.67791967815
0.37401165237,1.66290244878
0.472518115496,1.64631217012
0.56749214971,1.63771864603
0.659060427451,1.63285554216
0.747345078702,1.6303077155
0.832463853881,1.62932154689
0.914530280891,1.62887203885
0.993653816536,1.62984603646
1.06993999252,1.63050126177
1.14349055619,1.63247061833
1.21440360624,1.63418773404
1.28277372358,1.6361318641
1.34869209743,1.63823173272
1.412246647,1.64042172847
1.47352213871,1.64265027024
1.53260029929,1.64489802118
1.58955992474,1.64713110003
1.64447698545,1.64934264786
1.69742472753,1.65150850436
1.74847377049,1.65363029319
1.79769220144,1.65568929361
1.84514566587,1.65769195578
1.89089745526,1.65962188291
1.93500859146,1.6614887025
1.97753790806,1.66327736806
2.01854212893,1.66499992606
2.05807594379,1.66664215849
2.0961920812,1.66821809571
2.1329413789,1.66971351759
2.16837285158,1.67114423779
2.20253375627,1.67249571517
2.23546965538,1.67378471336
2.26722447745,1.67499718246
2.29784057574,1.67614975024
2.32735878474,1.67722960952
2.35581847462,1.67825291119
2.38325760374,1.67920814104
2.40971276926,1.6801105155
2.43521925601,1.68094987446
2.45981108346,1.68174103996
2.48352105119,1.68247411199
2.50638078258,1.6831644004
2.52842076699,1.68380202958
2.54967040042,1.68440078933
2.57015802477,1.68495471605
2.58991096559,1.68547168601
2.60895556853,1.68595079664
12,19.5117515428
12.0022500002,3.59816681974
12.0068336882,3.31742562851
12.011587864,1.06071554064
12.016518869,0.726822810217
12.0216332803,1.49823618007
12.0269379194,1.70045619946
12.0324398619,1.9216947296
12.0381464463,2.06485908499
12.0440652842,2.16937784078
12.0502042703,2.23912521188
12.0565715928,2.28264916509
12.0631757446,2.30630448444
12.0700255344,2.31497636197
12.0771300987,2.3125010798
12.0844989136,2.30229845429
12.0921418078,2.28721374609
12.1000689755,2.26941095064
12.1082909901,2.25037170612
12.1168188184,2.23097060319
12.125663835,2.21170627764
12.1348378373,2.19284845661
12.144353062,2.17455333687
12.1542222006,2.15689362936
12.1644584167,2.13988490051
12.1750753637,2.12350846604
12.1860872026,2.10774577373
12.1975086212,2.0925658503
12.2093548536,2.07792827004
12.2216417006,2.06379329139
12.2343855505,2.05011429326
12.2476034015,2.03685362382
12.2613128836,2.02397025921
12.2755322829,2.01142710784
12.2902805654,1.99919168905
12.3055774029,1.98723350085
12.3214431982,1.97552775762
12.3378991138,1.9640524951
12.3549670988,1.9527846534
12.3726699186,1.94171165878
12.3910311858,1.93081727891
12.4100753909,1.92009271272
12.4298279355,1.90953134894
12.450315166,1.89912741575
12.4715644083,1.8888808848
12.4936040054,1.87878761145
12.5164633541,1.8688539736
12.5401729445,1.85908154915
12.5647644011,1.84948024952
12.5902705241,1.84005243651
12.6167253345,1.83081176646
12.6441641179,1.82176146043
12.6726234729,1.81291829993
12.702141359,1.80428603194
12.7327571478,1.79588350286
12.7645116751,1.78771208839
12.7974472958,1.77979415347
12.8316079402,1.77212671104
12.8670391721,1.76473548382
12.9037882506,1.75761108034
12.9419041923,1.75078448727
12.9814378369,1.74423630566
13.0224419151,1.73800644732
13.0649711191,1.73206035902
13.1090821751,1.72645396905
13.1548339192,1.72112602037
13.202287376,1.71616525373
13.2515058398,1.71145997558
13.3025549592,1.70716373056
13.3555028244,1.70308240432
13.4104200585,1.6994012192
13.4673799108,1.69601550101
13.5264583558,1.69293227209
13.5877341933,1.69023525826
13.6512891541,1.68779524674
13.7172080092,1.68564601592
13.7855786825,1.68377068962
13.8564923678,1.68224312814
13.9300436514,1.68092146604
14.0063306373,1.67999564797
14.0854550786,1.67914748866
14.1675225131,1.67873784421
14.2526424037,1.67835762149
14.340928285,1.67842977586
14.4324979146,1.67836316998
14.5274734296,1.67886979243
14.6259815102,1.67908469125
14.7281535485,1.67991495688
14.8341258235,1.68031710702
14.9440396831,1.68145857349
10.6966058441,1.72441436914
10.8195522227,1.72441657307
10.9424986013,1.72440194916
11.0654449799,1.72436552779
11.1810478695,1.72431966184
11.2828410221,1.72425984788
11.3724741271,1.72416464265
11.4513998042,1.72404433218
11.5208971458,1.72392744837
11.5820924459,1.72380641207
11.6359774531,1.72366763315
11.6834254432,1.72335249325
11.725205372,1.7226223207
11.7619943373,1.72066603722
11.7943885514,1.71567400793
11.8229130042,1.70412043729
11.8480299715,1.67985149663
11.870146506,1.6335828959
11.8896210344,1.55330778687
11.9067691668,1.42501061518
11.9218688106,1.24179131711
11.9351646751,0.997284269093
11.9468722368,0.723791607441
11.9571812318,0.41532817239
11.9662587307,0.280063949039
11.9742518462,0.507624030498
11.9812901167,0.611028524389
11.9874876067,0.548225190418
11.9929447545,0.499997255379
11.99775,0.324111185192
12,16.6775975099
12,14.7379771698
12,13.1833003738
12,11.7699308462
12,10.5209688478
12,9.35996075127
12,8.26613023875
12,7.21462242184
12,5.68777314012
12,3.97692538914
12,2.69353373039
12,1.75502579206
12,1.13167246055
12,0.796925195385
12,0.688225515225
12,0.694067242319
12,0.149971041268
7.62294637862,1.72421156423
7.74589275724,1.72423142759
7.86883913586,1.72430723897
7.99178551448,1.72429285137
8.1147318931,1.72425428277
8.23767827171,1.72427343297
8.36062465033,1.72427818975
8.48357102895,1.72429610591
8.60651740757,1.72429941409
8.72946378619,1.72428859796
8.85241016481,1.72426708785
8.97535654343,1.72424337282
9.09830292205,1.72419607434
9.22124930067,1.72412920946
9.34419567929,1.72405224941
9.46714205791,1.72395761483
9.59008843653,1.72381635449
9.71303481515,1.72380711229
9.83598119377,1.72388230344
9.95892757238,1.7241982195
10.081873951,1.72442203359
10.2048203296,1.7244718004
10.3277667083,1.72445652592
10.4507130869,1.72439837999
10.5736594655,1.72439989223
