0,6.36131300479
0.0125104253545,6.33628635721
0.0250208507089,6.30630283124
0.0375312760634,6.27374082777
0.0500417014178,6.24779900899
0.0625521267723,6.24144704456
0.0750625521268,6.2315451924
0.0875729774812,6.21316502577
0.100083402836,6.1964555641
0.11259382819,6.18674395016
0.125104253545,6.17755349315
0.137614678899,6.16793957001
0.150125104254,6.15850350897
0.162635529608,6.15035906852
0.175145954962,6.14263672805
0.187656380317,6.1362996113
0.200166805671,6.13037581065
0.212677231026,6.12626830194
0.22518765638,6.12266253374
0.237698081735,6.12018261487
0.250208507089,6.11763711799
0.262718932444,6.11368168177
0.275229357798,6.10929179104
0.287739783153,6.10293779512
0.300250208507,6.09630031782
0.312760633862,6.08873763006
0.325271059216,6.08108401484
0.33778148457,6.0732484675
0.350291909925,6.06542229017
0.362802335279,6.05763627731
0.375312760634,6.04989850113
0.387823185988,6.04220423147
0.400333611343,6.03455856218
0.412844036697,6.02694062094
0.425354462052,6.01941326618
0.437864887406,6.01191883767
0.450375312761,6.0045050785
0.462885738115,5.99710624419
0.47539616347,5.98973955849
0.487906588824,5.98239535266
0.500417014178,5.97508514301
0.512927439533,5.96781977603
0.525437864887,5.96057444398
0.537948290242,5.95336992693
0.550458715596,5.9461805504
0.562969140951,5.93904025634
0.575479566305,5.9319243585
0.58798999166,5.92483063314
0.600500417014,5.91775345973
0.613010842369,5.91068375884
0.625521267723,5.90363065074
0.638031693078,5.8965817052
0.650542118432,5.88953345672
0.663052543786,5.88248258404
0.675562969141,5.87543335779
0.688073394495,5.86839197223
0.70058381985,5.86135335825
0.713094245204,5.8543150311
0.725604670559,5.84727828059
0.738115095913,5.84024624245
0.750625521268,5.83322742804
0.763135946622,5.82621573593
0.775646371977,5.8192095133
0.788156797331,5.81220824073
0.800667222686,5.80521634069
0.81317764804,5.79823366156
0.825688073394,5.79126226665
0.838198498749,5.78429487816
0.850708924103,5.77733439283
0.863219349458,5.77038521895
0.875729774812,5.76344263631
0.888240200167,5.75650801209
0.900750625521,5.74958054667
0.913261050876,5.74265892293
0.92577147623,5.73574702441
0.938281901585,5.7288445378
0.950792326939,5.72194702835
0.963302752294,5.71505609914
0.975813177648,5.70817561409
0.988323603003,5.70130175985
1.00083402836,5.69443590335
1.01334445371,5.68757604011
1.02585487907,5.68072426704
1.03836530442,5.67387914388
1.05087572977,5.66704265484
1.06338615513,5.66021300335
1.07589658048,5.65338931307
1.08840700584,5.6465736806
1.10091743119,5.63976384435
1.11342785655,5.63296113184
1.1259382819,5.62616423171
1.13844870726,5.61937410073
1.15095913261,5.61259176732
1.16346955796,5.60581499317
1.17597998332,5.59904414691
1.18849040867,5.59228058364
1.20100083403,5.58552309396
1.21351125938,5.57877210167
1.22602168474,5.57202700103
1.23853211009,5.56528786557
1.25104253545,5.55855601545
1.2635529608,5.55183067857
1.27606338616,5.54511113053
1.28857381151,5.53839724062
1.30108423686,5.53168904447
1.31359466222,5.52498774764
1.32610508757,5.51829248734
1.33861551293,5.51160253594
1.35112593828,5.50491800602
1.36363636364,5.49823891476
1.37614678899,5.4915655427
1.38865721435,5.4848968737
1.4011676397,5.47823434065
1.41367806505,5.47157676579
1.42618849041,5.4649240454
1.43869891576,5.45827636278
1.45120934112,5.45163375323
1.46371976647,5.44499585188
1.47623019183,5.43836400542
1.48874061718,5.43173488468
1.50125104254,5.42511156862
1.51376146789,5.41849256237
1.52627189324,5.41187809473
1.5387823186,5.40526801142
1.55129274395,5.39866211733
1.56380316931,5.39206058683
1.57631359466,5.38546341541
1.58882402002,5.37887028456
1.60133444537,5.37228121508
1.61384487073,5.36569621642
1.62635529608,5.35911500535
1.63886572143,5.35253759328
1.65137614679,5.34596402931
1.66388657214,5.33939405141
1.6763969975,5.33282767611
1.68890742285,5.32626498107
1.70141784821,5.31970572335
1.71392827356,5.31314987305
1.72643869892,5.30659741698
1.73894912427,5.30004817466
1.75145954962,5.29350215997
1.76396997498,5.28695930432
1.77648040033,5.2804194908
1.78899082569,5.2738828043
1.80150125104,5.26734918483
1.8140116764,5.26081887581
1.82652210175,5.25429097851
1.83903252711,5.24776597327
1.85154295246,5.24124351564
1.86405337781,5.23472354154
1.87656380317,5.22820593962
1.88907422852,5.22169125791
1.90158465388,5.21517801782
1.91409507923,5.20866748876
1.92660550459,5.20215894125
1.93911592994,5.19565222745
1.9516263553,5.18914743732
1.96413678065,5.18264462869
1.97664720601,5.17614349244
1.98915763136,5.16964386471
2.00166805671,5.16314571253
2.01417848207,5.15664888378
2.02668890742,5.15015314745
2.03919933278,5.14365857687
2.05170975813,5.13716505096
2.06422018349,5.13067239709
2.07673060884,5.12418032296
2.0892410342,5.11768620999
2.10175145955,5.1111948395
2.1142618849,5.10470763528
2.12677231026,5.09821927876
2.13928273561,5.09173003061
2.15179316097,5.08524147754
2.16430358632,5.0787523525
2.17681401168,5.07226295981
2.18932443703,5.06577347243
2.20183486239,5.05928614329
2.21434528774,5.05279818574
2.22685571309,5.0463078667
2.23936613845,5.03981721091
2.2518765638,5.03332643394
2.26438698916,5.02683491708
2.27689741451,5.02034273357
2.28940783987,5.01384968602
2.30191826522,5.00735550293
2.31442869058,5.00086010426
2.32693911593,4.99436327439
2.33944954128,4.98786553319
2.35195996664,4.98136651595
2.36447039199,4.97486609333
2.37698081735,4.96836396063
2.3894912427,4.96185996078
2.40200166806,4.95535404332
2.41451209341,4.94884614733
2.42702251877,4.94233592292
2.43953294412,4.93582301779
2.45204336947,4.92930727888
2.46455379483,4.92278852482
2.47706422018,4.91626667451
2.48957464554,4.90974235063
2.50208507089,4.90321543865
2.51459549625,4.89668621503
2.5271059216,4.89015462864
2.53961634696,4.88362039201
2.55212677231,4.87708299373
2.56463719766,4.87054491437
2.57714762302,4.86400351896
2.58965804837,4.85745932173
2.60216847373,4.85091199804
2.61467889908,4.84436135379
2.62718932444,4.83780733381
2.63969974979,4.83124945836
2.65221017515,4.82468717546
2.6647206005,4.81812025076
2.67723102585,4.81154874934
2.68974145121,4.80497228928
2.70225187656,4.79839246095
2.71476230192,4.79180737496
2.72727272727,4.7852172952
2.73978315263,4.77862346951
2.75229357798,4.77202422094
2.76480400334,4.76541983088
2.77731442869,4.75881121078
2.78982485405,4.75219683186
2.8023352794,4.74557643125
2.81484570475,4.73895210656
2.82735613011,4.7323218403
2.83986655546,4.72568611839
2.85237698082,4.71904508412
2.86488740617,4.71239846264
2.87739783153,4.70574729569
2.88990825688,4.69909316133
2.90241868224,4.69243882384
2.91492910759,4.68579303139
2.92743953294,4.67917366504
2.9399499583,4.67262611551
2.95246038365,4.66625859325
2.96497080901,4.66030363374
2.97748123436,4.65520005188
2.98999165972,4.65155703481
3.00250208507,4.64977347008
3.01501251043,4.64948358228
3.02752293578,4.65014343876
3.04003336113,4.6518068312
3.05254378649,4.65435287282
3.06505421184,4.65686881381
3.0775646372,4.65867024493
3.09007506255,4.65947914156
3.10258548791,4.65950566437
3.11509591326,4.65957446499
3.12760633862,4.66070136278
3.14011676397,4.66371329087
3.15262718932,4.66917964283
3.16513761468,4.67745248725
3.17764804003,4.68876379415
3.19015846539,4.70312477075
3.20266889074,4.7204227848
3.2151793161,4.74043388512
3.22768974145,4.76285729213
3.24020016681,4.78736342995
3.25271059216,4.81352480973
3.26522101751,4.84110145151
3.27773144287,4.86970051723
3.29024186822,4.89908180338
3.30275229358,4.92898112015
3.31526271893,4.95907234005
3.32777314429,4.98898323907
3.34028356964,5.01837504189
3.352793995,5.04701189168
3.36530442035,5.074770831
3.3778148457,5.10154018148
3.39032527106,5.12720614264
3.40283569641,5.15160669916
3.41534612177,5.17455731236
3.42785654712,5.19604640013
3.44036697248,5.21617055676
3.45287739783,5.23515384419
3.46538782319,5.25317129604
3.47789824854,5.27018082719
3.49040867389,5.28610663781
3.50291909925,5.30111292765
3.5154295246,5.31453243751
3.52793994996,5.32650719062
3.54045037531,5.33673521107
3.55296080067,5.3460668889
3.56547122602,5.35506964986
3.57798165138,5.36171097154
3.59049207673,5.36911581844
3.60300250209,5.37571923407
3.61551292744,5.38044645021
3.62802335279,5.3857651176
3.64053377815,5.38981655746
3.6530442035,5.39312889427
3.66555462886,5.39704642899
3.67806505421,5.39917342886
3.69057547957,5.40208591814
3.70308590492,5.40376469723
3.71559633028,5.4054559242
3.72810675563,5.40702726199
3.74061718098,5.40811771274
3.75312760634,5.40886257112
3.76563803169,5.40985409365
3.77814845705,5.41035756073
3.7906588824,5.41071877359
3.80316930776,5.41115813652
3.81567973311,5.41118754998
3.82819015847,5.41126639567
3.84070058382,5.41142538576
3.85321100917,5.41128986538
3.86572143453,5.41114892439
3.87823185988,5.41094288169
3.89074228524,5.41066115827
3.90325271059,5.41047232512
3.91576313595,5.41004944572
3.9282735613,5.40976337119
3.94078398666,5.40935119588
3.95329441201,5.40904193988
3.96580483736,5.40854759412
3.97831526272,5.40813521474
3.99082568807,5.40774200363
4.00333611343,5.40718626703
4.01584653878,5.40681099601
4.02835696414,5.40628579717
4.04086738949,5.40585296352
4.05337781485,5.40534552549
4.0658882402,5.40485213056
4.07839866555,5.40438402268
4.09090909091,5.40388807181
4.10341951626,5.4034076954
4.11592994162,5.40291413076
4.12844036697,5.40241559558
4.14095079233,5.40193891316
4.15346121768,5.40143768592
4.16597164304,5.40097233979
4.17848206839,5.40046643207
4.19099249374,5.39997725143
4.2035029191,5.3995116779
4.21601334445,5.39901127359
4.22852376981,5.39854299364
4.24103419516,5.39806282212
4.25354462052,5.39759270731
4.26605504587,5.39711773378
4.27856547123,5.39665979876
4.29107589658,5.39617627292
4.30358632193,5.39570344071
4.31609674729,5.39525806016
4.32860717264,5.39479358236
4.341117598,5.39433144323
4.35362802335,5.39386948681
4.36613844871,5.39342438032
4.37864887406,5.39296590468
4.39115929942,5.39251428843
4.40366972477,5.39207811141
4.41618015013,5.39162909026
4.42869057548,5.39117666638
4.44120100083,5.39073223446
4.45371142619,5.39030207816
4.46622185154,5.38987198305
4.4787322769,5.38943067233
4.49124270225,5.3889933521
4.50375312761,5.38856814299
4.51626355296,5.38814393374
4.52877397832,5.38771369063
4.54128440367,5.38729465534
4.55379482902,5.38688095431
4.56630525438,5.38646100934
4.57881567973,5.38603604185
4.59132610509,5.38562002427
4.60383653044,5.38521694625
4.6163469558,5.38481479829
4.62885738115,5.38440455901
4.64136780651,5.38399620623
4.65387823186,5.38359718499
4.66638865721,5.38320180207
4.67889908257,5.38280391581
4.69140950792,5.38240698994
4.70391993328,5.38201807562
4.71643035863,5.38163410595
4.72894078399,5.38124679824
4.74145120934,5.38085274811
4.7539616347,5.3804650898
4.76647206005,5.38008987187
4.7789824854,5.37971969238
4.79149291076,5.37934508964
4.80400333611,5.378965259
4.81651376147,5.37858982523
4.82902418682,5.37822264625
4.84153461218,5.37785800459
4.85404503753,5.37749064792
4.86655546289,5.37712268187
4.87906588824,5.37676108458
4.89157631359,5.37640695235
4.90408673895,5.37605354534
4.9165971643,5.37569455267
4.92910758966,5.37533256178
4.94161801501,5.37497537086
4.95412844037,5.37462849381
4.96663886572,5.37428544879
4.97914929108,5.37394096389
4.99165971643,5.37359207018
5.00417014178,5.37324418652
5.01668056714,5.37290075689
5.02919099249,5.37256298245
5.04170141785,5.37222706801
5.0542118432,5.37188826455
5.06672226856,5.37154759324
5.07923269391,5.37121145184
5.09174311927,5.37088277592
5.10425354462,5.37055557685
5.11676396997,5.37022591338
5.12927439533,5.36989276177
5.14178482068,5.36955879312
5.15429524604,5.36922973354
5.16680567139,5.36890776824
5.17931609675,5.36858909497
5.1918265221,5.36826846205
5.20433694746,5.36794478033
5.21684737281,5.36761971272
5.22935779817,5.36729761803
5.24186822352,5.36698069321
5.25437864887,5.36666672126
5.26688907423,5.3663522211
5.27939949958,5.36603572914
5.29190992494,5.36571810242
5.30442035029,5.36540351155
5.31693077565,5.36509385742
5.329441201,5.36478472707
5.34195162636,5.36447612868
5.35446205171,5.36416709264
5.36697247706,5.3638576272
5.37948290242,5.36354866912
5.39199332777,5.36324015312
5.40450375313,5.36293001192
5.41701417848,5.36261891116
5.42952460384,5.36230845941
5.44203502919,5.36199907417
5.45454545455,5.36168834634
5.4670558799,5.36137616046
5.47956630525,5.36106206072
5.49207673061,5.3607485771
5.50458715596,5.36043427035
5.51709758132,5.36011751549
5.52960800667,5.35979495142
5.54211843203,5.35946762824
5.55462885738,5.35913626584
5.56713928274,5.35880800619
5.57964970809,5.35848298541
5.59216013344,5.35814977625
5.6046705588,5.35781143941
5.61718098415,5.35746651267
5.62969140951,5.35712025608
5.64220183486,5.35677487387
5.65471226022,5.35642944641
5.66722268557,5.35608382408
5.67973311093,5.35573540707
5.69224353628,5.35538138789
5.70475396163,5.35502576492
5.71726438699,5.35466903525
5.72977481234,5.35431554071
5.7422852377,5.35396534026
5.75479566305,5.3536162627
5.76730608841,5.35326682763
5.77981651376,5.35291638005
5.79232693912,5.35256435924
5.80483736447,5.35221809326
5.81734778982,5.35187385177
5.82985821518,5.35153352243
5.84236864053,5.35119056491
5.85487906589,5.35084613478
5.86738949124,5.35050304546
5.8798999166,5.35016306882
5.89241034195,5.34982375495
5.90492076731,5.34948509487
5.91743119266,5.3491466935
5.92994161801,5.34880839146
5.94245204337,5.34847083843
5.95496246872,5.34813359659
5.96747289408,5.34779687909
5.97998331943,5.34746006473
5.99249374479,5.34712359571
6.00500417014,5.34678709379
6.0175145955,5.34645100741
6.03002502085,5.34611502062
6.04253544621,5.3457794204
6.05504587156,5.34544391469
6.06755629691,5.34510855187
6.08006672227,5.34477316591
6.09257714762,5.34443776556
6.10508757298,5.34410256036
6.11759799833,5.34376749171
6.13010842369,5.34343246987
6.14261884904,5.34309739291
6.1551292744,5.34276245946
6.16763969975,5.34242755436
6.1801501251,5.34209283526
6.19266055046,5.34175808433
6.20517097581,5.34142351369
6.21768140117,5.34108906073
6.23019182652,5.34075485491
6.24270225188,5.34042061894
6.25521267723,5.34008638774
6.26772310259,5.33975232726
6.28023352794,5.33941842424
6.29274395329,5.33908461642
6.30525437865,5.3387508182
6.317764804,5.33841721423
6.33027522936,5.33808369191
6.34278565471,5.33775040982
6.35529608007,5.33741719135
6.36780650542,5.33708411209
6.38031693078,5.33675104232
6.39282735613,5.33641808902
6.40533778148,5.33608524281
6.41784820684,5.33575258576
6.43035863219,5.33541995325
6.44286905755,5.33508735595
6.4553794829,5.33475488634
6.46788990826,5.33442250911
6.48040033361,5.33409005908
6.49291075897,5.33375754814
6.50542118432,5.33342486283
6.51793160967,5.3330921106
6.53044203503,5.33275929181
6.54295246038,5.33242646689
6.55546288574,5.33209355266
6.56797331109,5.33176053575
6.58048373645,5.33142732753
6.5929941618,5.33109412245
6.60550458716,5.33076096982
6.61801501251,5.3304279626
6.63052543786,5.33009509558
6.64303586322,5.32976229173
6.65554628857,5.32942949307
6.66805671393,5.32909682435
6.68056713928,5.32876421083
6.69307756464,5.32843168387
6.70558798999,5.32809914252
6.71809841535,5.32776664794
6.7306088407,5.32743415946
6.74311926605,5.32710176059
6.75562969141,5.32676940804
6.76814011676,5.32643709537
6.78065054212,5.32610467916
6.79316096747,5.32577213211
6.80567139283,5.32543956038
6.81818181818,5.32510699105
6.83069224354,5.32477439091
6.84320266889,5.32444177285
6.85571309425,5.32410912894
6.8682235196,5.32377647985
6.88073394495,5.32344382435
6.89324437031,5.32311117138
6.90575479566,5.32277846628
6.91826522102,5.32244571519
6.93077564637,5.32211288122
6.94328607173,5.32178005369
6.95579649708,5.32144724134
6.96830692244,5.321114441
6.98081734779,5.32078165267
6.99332777314,5.32044887059
7.0058381985,5.32011609029
7.01834862385,5.31978326072
7.03085904921,5.31945040551
7.04336947456,5.31911759292
7.05587989992,5.3187848188
7.06839032527,5.31845210297
7.08090075063,5.31811938599
7.09341117598,5.31778664817
7.10592160133,5.31745389173
7.11843202669,5.31712112352
7.13094245204,5.31678839962
7.1434528774,5.31645573859
7.15596330275,5.3161230956
7.16847372811,5.31579045945
7.18098415346,5.31545782344
7.19349457882,5.31512518507
7.20600500417,5.31479259802
7.21851542952,5.31446003395
7.23102585488,5.31412753554
7.24353628023,5.31379504837
7.25604670559,5.3134624975
7.26855713094,5.31312987233
7.2810675563,5.31279722166
7.29357798165,5.31246469458
7.30608840701,5.3121324212
7.31859883236,5.31180023001
7.33110925771,5.31146809117
7.34361968307,5.31113582401
7.35613010842,5.31080344462
7.36864053378,5.31047122477
7.38115095913,5.31013912183
7.39366138449,5.30980718122
7.40617180984,5.3094752926
7.4186822352,5.30914332388
7.43119266055,5.30881131774
7.4437030859,5.30847927414
7.45621351126,5.308147321
7.46872393661,5.30781556036
7.48123436197,5.30748386197
7.49374478732,5.30715222096
7.50625521268,5.30682049501
7.51876563803,5.30648867659
7.53127606339,5.30615685392
7.54378648874,5.30582505191
7.55629691409,5.30549302831
7.56880733945,5.30516089492
7.5813177648,5.30482861569
7.59382819016,5.30449634584
7.60633861551,5.3041640479
7.61884904087,5.30383173116
7.63135946622,5.30349933853
7.64386989158,5.3031668982
7.65638031693,5.3028343379
7.66889074229,5.30250172218
7.68140116764,5.30216904972
7.69391159299,5.30183641424
7.70642201835,5.30150382236
7.7189324437,5.30117125218
7.73144286906,5.30083868054
7.74395329441,5.30050605931
7.75646371977,5.30017340353
7.76897414512,5.29984085862
7.78148457048,5.29950839907
7.79399499583,5.29917604559
7.80650542118,5.29884365049
7.81901584654,5.29851121352
7.83152627189,5.29817880979
7.84403669725,5.29784644457
7.8565471226,5.29751403837
7.86905754796,5.29718158648
7.88156797331,5.29684914669
7.89407839867,5.29651672626
7.90658882402,5.2961842655
7.91909924937,5.29585177834
7.93160967473,5.29551937269
7.94412010008,5.29518702506
7.95663052544,5.29485477807
7.96914095079,5.29452253603
7.98165137615,5.29419028743
7.9941618015,5.29385801624
8.00667222686,5.29352574003
8.01918265221,5.29319352269
8.03169307756,5.29286138377
8.04420350292,5.29252923974
8.05671392827,5.29219707959
8.06922435363,5.29186491885
8.08173477898,5.29153276159
8.09424520434,5.29120065602
8.10675562969,5.29086857398
8.11926605505,5.29053649934
8.1317764804,5.29020440627
8.14428690575,5.28987224712
8.15679733111,5.28954004943
8.16930775646,5.28920782626
8.18181818182,5.28887564322
8.19432860717,5.28854355326
8.20683903253,5.28821149981
8.21934945788,5.28787946204
8.23185988324,5.28754731977
8.24437030859,5.28721508945
8.25688073394,5.28688293934
8.2693911593,5.28655085581
8.28190158465,5.28621877855
8.29441201001,5.28588666599
8.30692243536,5.28555444696
8.31943286072,5.28522217455
8.33194328607,5.28488991119
8.34445371143,5.2845577036
8.35696413678,5.28422552815
8.36947456213,5.28389322521
8.38198498749,5.28356068202
8.39449541284,5.28322800763
8.4070058382,5.28289523104
8.41951626355,5.28256250771
8.43202668891,5.28222984602
8.44453711426,5.28189717986
8.45704753962,5.2815644841
8.46955796497,5.28123183736
8.48206839033,5.28089921553
8.49457881568,5.28056667808
8.50708924103,5.28023414045
8.51959966639,5.27990162246
8.53211009174,5.27956909144
8.5446205171,5.27923653552
8.55713094245,5.27890396744
8.56964136781,5.27857141788
8.58215179316,5.27823899129
8.59466221852,5.27790666602
8.60717264387,5.27757423707
8.61968306922,5.27724171733
8.63219349458,5.27690905226
8.64470391993,5.27657634182
8.65721434529,5.27624363314
8.66972477064,5.27591094364
8.682235196,5.27557828867
8.69474562135,5.27524561834
8.70725604671,5.27491286975
8.71976647206,5.274580048
8.73227689741,5.27424711249
8.74478732277,5.2739141945
8.75729774812,5.27358131733
8.76980817348,5.27324851043
8.78231859883,5.27291575055
8.79482902419,5.27258294349
8.80733944954,5.27225009898
8.8198498749,5.27191728917
8.83236030025,5.27158451711
8.8448707256,5.27125177544
8.85738115096,5.2709190142
8.86989157631,5.27058623417
8.88240200167,5.27025346218
8.89491242702,5.26992071224
8.90742285238,5.2695879688
8.91993327773,5.26925524188
8.93244370309,5.26892253648
8.94495412844,5.2685898473
8.95746455379,5.26825713307
8.96997497915,5.26792439779
8.9824854045,5.26759171368
8.99499582986,5.26725906299
9.00750625521,5.26692648022
9.02001668057,5.26659391526
9.03252710592,5.26626134644
9.04503753128,5.26592875525
9.05754795663,5.26559616616
9.07005838198,5.26526361724
9.08256880734,5.26493116494
9.09507923269,5.26459874678
9.10758965805,5.26426637615
9.1201000834,5.26393404128
9.13261050876,5.26360172757
9.14512093411,5.2632693884
9.15763135947,5.26293703029
9.17014178482,5.2626047896
9.18265221018,5.2622726309
9.19516263553,5.26194061008
9.20767306088,5.26160863848
9.22018348624,5.26127668606
9.23269391159,5.26094472222
9.24520433695,5.2606127713
9.2577147623,5.26028089816
9.27022518766,5.2599491715
9.28273561301,5.25961751303
9.29524603837,5.25928588619
9.30775646372,5.25895408672
9.32026688907,5.25862215077
9.33277731443,5.25829057407
9.34528773978,5.25795922394
9.35779816514,5.25762813793
9.37030859049,5.2572971038
9.38281901585,5.25696592029
9.3953294412,5.25663466425
9.40783986656,5.25630344574
9.42035029191,5.25597245522
9.43286071726,5.25564186428
9.44537114262,5.25531120894
9.45788156797,5.25498044427
9.47039199333,5.25464960565
9.48290241868,5.25431872514
9.49541284404,5.25398797256
9.50792326939,5.25365731638
9.52043369475,5.25332627727
9.5329441201,5.25299501905
9.54545454545,5.25266356351
9.55796497081,5.25233218303
9.57047539616,5.25200062548
9.58298582152,5.25166888679
9.59549624687,5.25133669019
9.60800667223,5.25100439643
9.62051709758,5.25067189747
9.63302752294,5.25033934544
9.64553794829,5.25000669826
9.65804837364,5.24967383924
9.670558799,5.24934082475
9.68306922435,5.24900787173
9.69557964971,5.24867499358
9.70809007506,5.2483419987
9.72060050042,5.24800887993
9.73311092577,5.24767583062
9.74562135113,5.24734287411
9.75813177648,5.24701016992
9.77064220183,5.24667748454
9.78315262719,5.24634505167
9.79566305254,5.24601268256
9.8081734779,5.24568044302
9.82068390325,5.24534811994
9.83319432861,5.24501585125
9.84570475396,5.24468359221
9.85821517932,5.24435140325
9.87072560467,5.24401914876
9.88323603002,5.24368703565
9.89574645538,5.24335503359
9.90825688073,5.24302305495
9.92076730609,5.24269098752
9.93327773144,5.2423588242
9.9457881568,5.24202662777
9.95829858215,5.24169430416
9.97080900751,5.24136189794
9.98331943286,5.24102949199
9.99582985822,5.2406971224
10.0083402836,5.24036475904
10.0208507089,5.24003236641
10.0333611343,5.23969993103
10.0458715596,5.2393674032
10.058381985,5.23903481948
10.0708924103,5.23870224207
10.0834028357,5.23836970915
10.0959132611,5.2380372202
10.1084236864,5.23770477578
10.1209341118,5.23737232953
10.1334445371,5.23703980868
10.1459549625,5.23670720607
10.1584653878,5.23637455698
10.1709758132,5.23604191106
10.1834862385,5.23570929519
10.1959966639,5.23537675298
10.2085070892,5.23504422733
10.2210175146,5.23471163957
10.2335279399,5.23437897051
10.2460383653,5.23404628766
10.2585487907,5.23371363453
10.271059216,5.23338103179
10.2835696414,5.2330484518
10.2960800667,5.23271585025
10.3085904921,5.23238323316
10.3211009174,5.23205065539
10.3336113428,5.2317180984
10.3461217681,5.23138552692
10.3586321935,5.23105295163
10.3711426188,5.23072038932
10.3836530442,5.23038783314
10.3961634696,5.23005526299
10.4086738949,5.22972268915
10.4211843203,5.22939014713
10.4336947456,5.22905764609
10.446205171,5.22872515663
10.4587155963,5.22839266704
10.4712260217,5.2280601826
10.483736447,5.22772769838
10.4962468724,5.2273952277
10.5087572977,5.22706277655
10.5212677231,5.22673035854
10.5337781485,5.22639795843
10.5462885738,5.2260654924
10.5587989992,5.22573301547
10.5713094245,5.22540057352
10.5838198499,5.2250681286
10.5963302752,5.22473568767
10.6088407006,5.22440324495
10.6213511259,5.22407084065
10.6338615513,5.22373844173
10.6463719766,5.223406009
10.658882402,5.22307357497
10.6713928274,5.22274115581
10.6839032527,5.22240870457
10.6964136781,5.22207624548
10.7089241034,5.22174379687
10.7214345288,5.2214113054
10.7339449541,5.22107879466
10.7464553795,5.2207463141
10.7589658048,5.22041381196
10.7714762302,5.22008129245
10.7839866555,5.21974869166
10.7964970809,5.21941626006
10.8090075063,5.21908364221
10.8215179316,5.21875134172
10.834028357,5.21841869532
10.8465387823,5.21808650725
10.8590492077,5.21775363187
10.871559633,5.21742169931
10.8840700584,5.21708858018
10.8965804837,5.21675694961
10.9090909091,5.21642356188
10.9216013344,5.21609240616
10.9341117598,5.21575904884
10.9466221852,5.21542670338
10.9591326105,5.21509691326
10.9716430359,5.21476226847
10.9841534612,5.21443301234
10.9966638866,5.21409841854
11.0091743119,5.21376485005
11.0216847373,5.21343492698
11.0341951626,5.21309883659
11.046705588,5.21276755435
11.0592160133,5.21243203648
11.0717264387,5.21209922192
11.0842368641,5.21176521588
11.0967472894,5.21143052279
11.1092577148,5.21109635032
11.1217681401,5.21076148097
11.1342785655,5.21042615531
11.1467889908,5.21009082422
11.1592994162,5.20975485157
11.1718098415,5.20941861426
11.1843202669,5.20908203648
11.1968306922,5.2087449887
11.2093411176,5.20840749595
11.221851543,5.20806939146
11.2343619683,5.20773080385
11.2468723937,5.20739135151
11.259382819,5.20705117675
11.2718932444,5.20671028342
11.2844036697,5.20636881904
11.2969140951,5.20602627683
11.3094245204,5.2056827433
11.3219349458,5.20533827566
11.3344453711,5.20499294175
11.3469557965,5.20464652721
11.3594662219,5.20429970246
11.3719766472,5.20395195339
11.3844870726,5.20360310573
11.3969974979,5.20325379774
11.4095079233,5.20290399888
11.4220183486,5.20255330568
11.434528774,5.20220210368
11.4470391993,5.20185020093
11.4595496247,5.20149762683
11.47206005,5.2011445712
11.4845704754,5.20079083337
11.4970809008,5.20043595285
11.5095913261,5.20008027512
11.5221017515,5.19972401136
11.5346121768,5.19936690147
11.5471226022,5.19900892783
11.5596330275,5.19864990094
11.5721434529,5.19828947616
11.5846538782,5.19792623552
11.5971643036,5.19755851265
11.6096747289,5.19718453649
11.6221851543,5.19680259455
11.6346955796,5.19640963373
11.647206005,5.19600625673
11.6597164304,5.19559157616
11.6722268557,5.19516920593
11.6847372811,5.1947392666
11.6972477064,5.19430292396
11.7097581318,5.19386791531
11.7222685571,5.19343645843
11.7347789825,5.19301928742
11.7472894078,5.19261418359
11.7597998332,5.19222848109
11.7723102585,5.19186539943
11.7848206839,5.19150758802
11.7973311093,5.19114140972
11.8098415346,5.19073938526
11.82235196,5.19023553665
11.8348623853,5.18953456633
11.8473728107,5.18842832701
11.859883236,5.18659687581
11.8723936614,5.18355707682
11.8849040867,5.17851827608
11.8974145121,5.16995696329
11.9099249374,5.15552730801
11.9224353628,5.13107233195
11.9349457882,5.08940249057
11.9474562135,5.01646054255
11.9599666389,4.87825268225
11.9724770642,4.61488932048
11.9849874896,4.1328824342
11.9974979149,3.4440048067
12.0100083403,2.74162161138
12.0225187656,2.2426453671
12.035029191,1.98710047839
12.0475396163,1.88237925748
12.0600500417,1.8501088628
12.0725604671,1.84158203176
12.0850708924,1.83812983661
12.0975813178,1.83419648028
12.1100917431,1.82850414175
12.1226021685,1.82095554873
12.1351125938,1.81194047659
12.1476230192,1.80174392364
12.1601334445,1.79074985728
12.1726438699,1.77912128139
12.1851542952,1.76710444804
12.1976647206,1.75476325163
12.210175146,1.74243726528
12.2226855713,1.72987101056
12.2351959967,1.71730590886
12.247706422,1.70487055234
12.2602168474,1.69237148837
12.2727272727,1.6800007304
12.2852376981,1.66778127033
12.2977481234,1.65564359
12.3102585488,1.64363907281
12.3227689741,1.6317970743
12.3352793995,1.62006541246
12.3477898249,1.60848888271
12.3603002502,1.59703524391
12.3728106756,1.58573195511
12.3853211009,1.57455829518
12.3978315263,1.5635101826
12.4103419516,1.55260142424
12.422852377,1.54181062666
12.4353628023,1.53113756763
12.4478732277,1.52058175689
12.460383653,1.51014766426
12.4728940784,1.49981423754
12.4854045038,1.48958390084
12.4979149291,1.47945668937
12.5104253545,1.4694218055
12.5229357798,1.45947652345
12.5354462052,1.4496066018
12.5479566305,1.4398483095
12.5604670559,1.43020008412
12.5729774812,1.42060428616
12.5854879066,1.41106016251
12.5979983319,1.40159550073
12.6105087573,1.392210719
12.6230191827,1.38289398368
12.635529608,1.37364280946
12.6480400334,1.36445548248
12.6605504587,1.35532908426
12.6730608841,1.34626262883
12.6855713094,1.33725402313
12.6980817348,1.32830344539
12.7105921601,1.31940609446
12.7231025855,1.31055952832
12.7356130108,1.3017669712
12.7481234362,1.29302220574
12.7606338616,1.28432362339
12.7731442869,1.27567270272
12.7856547123,1.26706823993
12.7981651376,1.25850474276
12.810675563,1.24998708344
12.8231859883,1.24150844576
12.8356964137,1.23307133316
12.848206839,1.22467084927
12.8607172644,1.21631054466
12.8732276897,1.20798609294
12.8857381151,1.19969795582
12.8982485405,1.1914424935
12.9107589658,1.18322401061
12.9232693912,1.17503760277
12.9357798165,1.1668821638
12.9482902419,1.15875986522
12.9608006672,1.15066686724
12.9733110926,1.14260441619
12.9858215179,1.13457191077
12.9983319433,1.12656521826
13.0108423686,1.11858827626
13.023352794,1.11063853791
13.0358632193,1.10271494036
13.0483736447,1.09481563243
13.0608840701,1.08694375584
13.0733944954,1.07909632778
13.0859049208,1.07127247998
13.0984153461,1.0634712893
13.1109257715,1.05569517714
13.1234361968,1.04794037421
13.1359466222,1.0402083165
13.1484570475,1.03249757787
13.1609674729,1.02480715023
13.1734778982,1.01713697344
13.1859883236,1.00948781884
13.198498749,1.00185775527
13.2110091743,0.994248328506
13.2235195997,0.986658303407
13.236030025,0.979086044905
13.2485404504,0.971532175428
13.2610508757,0.963995816975
13.2735613011,0.956476141106
13.2860717264,0.948973864887
13.2985821518,0.941487794856
13.3110925771,0.934017690449
13.3236030025,0.926564119931
13.3361134279,0.919125534553
13.3486238532,0.911702257259
13.3611342786,0.904294677136
13.3736447039,0.896900996693
13.3861551293,0.889521674932
13.3986655546,0.882157156637
13.41117598,0.874805819604
13.4236864053,0.867467883319
13.4361968307,0.860143855227
13.448707256,0.8528324995
13.4612176814,0.845533734289
13.4737281068,0.838248162425
13.4862385321,0.830974661266
13.4987489575,0.823712411957
13.5112593828,0.81646199712
13.5237698082,0.809224480807
13.5362802335,0.801994843233
13.5487906589,0.794778503605
13.5613010842,0.787573596385
13.5738115096,0.78037912529
13.5863219349,0.773195475734
13.5988323603,0.766023254544
13.6113427857,0.758861789228
13.623853211,0.751711735982
13.6363636364,0.74457295287
13.6488740617,0.737445325797
13.6613844871,0.730326895848
13.6738949124,0.723217684268
13.6864053378,0.716118065447
13.6989157631,0.70902804479
13.7114261885,0.701947587345
13.7239366138,0.694875780301
13.7364470392,0.687812284968
13.7489574646,0.68075626072
13.7614678899,0.673708455326
13.7739783153,0.666670898207
13.7864887406,0.659640955283
13.798999166,0.652617741576
13.8115095913,0.645601591768
13.8240200167,0.638594958318
13.836530442,0.63159616204
13.8490408674,0.62460256269
13.8615512927,0.617615436344
13.8740617181,0.610638149826
13.8865721435,0.603667112879
13.8990825688,0.596701431003
13.9115929942,0.58974237789
13.9241034195,0.58279145441
13.9366138449,0.57584739492
13.9491242702,0.568907303244
13.9616346956,0.561973724616
13.9741451209,0.555049432408
13.9866555463,0.548129688359
13.9991659716,0.541215264362
14.011676397,0.534306262282
14.0241868224,0.52740422916
14.0366972477,0.52050783763
14.0492076731,0.513616281828
14.0617180984,0.50672920094
14.0742285238,0.499847537654
14.0867389491,0.492973170927
14.0992493745,0.486102820401
14.1117597998,0.479235592688
14.1242702252,0.472374261529
14.1367806505,0.465519677036
14.1492910759,0.458669201437
14.1618015013,0.451822069541
14.1743119266,0.444978909675
14.186822352,0.438140367196
14.1993327773,0.431308956343
14.2118432027,0.424479788944
14.224353628,0.417653578678
14.2368640534,0.410832151138
14.2493744787,0.404015353224
14.2618849041,0.397203457924
14.2743953294,0.39039450939
14.2869057548,0.383586165662
14.2994161801,0.376784197306
14.3119266055,0.369987668525
14.3244370309,0.363194287885
14.3369474562,0.356402921095
14.3494578816,0.349613778025
14.3619683069,0.342829612795
14.3744787323,0.336050334902
14.3869891576,0.329274376706
14.399499583,0.322500691375
14.4120100083,0.315727861413
14.4245204337,0.308961076607
14.437030859,0.302198896497
14.4495412844,0.295439204542
14.4620517098,0.288680776271
14.4745621351,0.281923643762
14.4870725605,0.275172865091
14.4995829858,0.268425071669
14.5120934112,0.261681903467
14.5246038365,0.254939357324
14.5371142619,0.248196466757
14.5496246872,0.241457143248
14.5621351126,0.234721427167
14.5746455379,0.227990885723
14.5871559633,0.221260254544
14.5996663887,0.214530151338
14.612176814,0.207801731769
14.6246872394,0.201077203582
14.6371976647,0.194355537286
14.6497080901,0.187636032827
14.6622185154,0.180916479136
14.6747289408,0.174196402192
14.6872393661,0.167480415226
14.6997497915,0.160767208424
14.7122602168,0.154059497796
14.7247706422,0.147350959669
14.7372810676,0.140640084009
14.7497914929,0.133930172033
14.7623019183,0.127226026587
14.7748123436,0.120523465195
14.787322769,0.113824087633
14.7998331943,0.107124380852
14.8123436197,0.100421805853
14.824854045,0.0937191644628
14.8373644704,0.0870224167918
14.8498748957,0.0803280790474
14.8623853211,0.0736338023405
14.8748957465,0.0669376590341
14.8874061718,0.0602405106656
14.8999165972,0.0535449197116
14.9124270225,0.0468548345129
14.9249374479,0.0401652044057
14.9374478732,0.0334682092708
14.9499582986,0.0267688762389
14.9624687239,0.0200888372871
14.9749791493,0.0134147483913
14.9874895746,0.00735358982283
15,0.00132595041777
