4.25633576505,0.650616976011
4.269978414,0.646619785084
4.28378908209,0.64043605678
4.29776983862,0.635236289735
4.31192277835,0.631267601992
4.32625002182,0.626133081479
4.34075371572,0.62179941013
4.35543603317,0.617423292282
4.37029917405,0.612050204876
4.38534536534,0.607775721523
4.40057686141,0.604704465794
4.41599594445,0.600030752629
4.43160492471,0.595264782989
4.44740614093,0.591648265645
4.46340196064,0.587414006973
4.4795947805,0.583678915198
4.49598702672,0.580179775663
4.51258115539,0.57567763386
4.52937965284,0.571556765927
4.54638503601,0.568748183463
4.56359985284,0.565243649176
4.58102668268,0.561135187044
4.59866813662,0.557768550072
4.61652685789,0.554088990044
4.63460552233,0.550731103581
4.65290683867,0.547890820129
4.67143354904,0.544272409841
4.69018842934,0.54047872245
4.70917428964,0.537738424548
4.72839397462,0.53495757674
4.74785036403,0.531633868741
4.76754637303,0.528664470343
4.78748495271,0.525477445671
4.80766909051,0.522452670506
4.82810181066,0.520047722548
4.84878617464,0.517329123935
4.86972528162,0.514104124154
4.89092226894,0.511526657348
4.91238031258,0.509197848101
4.93410262765,0.506630003733
4.95609246885,0.504195927974
4.97835313094,0.501549305113
5.00088794929,0.498949655507
5.02370030033,0.496895574929
5.04679360208,0.49492189335
5.07017131465,0.492438642437
5.09383694076,0.49023574555
5.11779402629,0.488294483094
5.14204616076,0.486349056336
5.16659697792,0.484470396579
5.19145015626,0.482445741616
5.21660941959,0.480420842772
5.24207853756,0.478779537818
5.26786132626,0.47732959042
5.29396164877,0.475717109971
5.32038341574,0.474030730466
5.34713058601,0.472565658099
5.37404145368,0.471280318339
5.40095232135,0.470089839786
5.42786318903,0.469001379873
5.45477405671,0.468000443003
5.48168492438,0.467022151109
5.50859579205,0.466147077142
5.53550665973,0.465672313361
5.5624175274,0.465319033058
5.58932839508,0.465067688518
5.61623926275,0.465181645609
5.64315013043,0.465293623219
5.67006099811,0.465682295788
5.69697186578,0.46638512545
5.72388273345,0.46706212363
5.75079360113,0.467941910983
5.77770446881,0.468970299338
5.80461533647,0.469999788001
5.83152620415,0.470960257825
5.85843707182,0.471765308207
5.8853479395,0.472372146392
5.91225880718,0.472847337894
5.93916967485,0.473252951394
5.96608054253,0.473487926476
5.9929914102,0.473606670893
6.01990227787,0.473663829194
6.04681314555,0.473663432024
6.07372401323,0.473617439345
6.1006348809,0.473567753317
6.12754574857,0.473499850014
6.15445661625,0.473422186756
6.18136748392,0.473355736211
6.2082783516,0.473303652708
6.23518921928,0.47324902847
6.26210008695,0.473193661984
6.28901095462,0.473151102078
6.3159218223,0.47310983122
6.34283268997,0.47307633476
6.36974355765,0.473056472202
6.39665442532,0.473033921257
6.423565293,0.473012303446
6.45047616067,0.473002053711
6.47738702835,0.472998611537
6.50429789602,0.472995250867
6.5312087637,0.472990039171
6.55811963137,0.472980697845
6.58503049905,0.472951730737
6.61194136672,0.472935205265
6.6388522344,0.472933823951
6.66576310207,0.472949515672
6.69267396975,0.472993554936
6.71958483742,0.473031659326
6.7464957051,0.47307282872
6.77340657277,0.473114504195
6.80031744045,0.473142279207
6.82722830813,0.4731558631
6.8541391758,0.473162495649
6.88105004347,0.473155789
6.90796091115,0.473143113006
6.93487177883,0.473141298297
6.9617826465,0.473135818243
6.98869351417,0.473130073529
7.01560438185,0.473130464979
7.04251524952,0.473128422156
7.0694261172,0.473124213413
7.09633698487,0.473126264409
7.12324785255,0.473125811529
7.15015872023,0.473120990003
7.1770695879,0.473119080915
7.20398045557,0.473111964612
7.23089132325,0.473099334663
7.25780219092,0.473096327462
7.2847130586,0.473090832959
7.31162392628,0.473081203596
7.33853479395,0.473080665142
7.36544566162,0.473076519822
7.3923565293,0.473066336319
7.41926739698,0.473066728069
7.44617826465,0.473065380042
7.47308913232,0.473057441503
7.5,0.473056362671
7.52691086768,0.473059790822
7.55382173535,0.473061146056
7.58073260302,0.473061868405
7.6076434707,0.473060984953
7.63455433837,0.4730546148
7.66146520605,0.473050426983
7.68837607372,0.473040375704
7.7152869414,0.473037659677
7.74219780907,0.473042225032
7.76910867675,0.47306357683
3.25456185629,1.2011924286
3.25824971873,1.20283233067
3.26197169146,1.20368709774
3.26572808998,1.20388115467
3.2695192327,1.20345903591
3.27334544099,1.20223342526
3.27720703918,1.20031243152
3.28110435461,1.19778405753
3.28503771762,1.19445156487
3.28900746165,1.19039921863
3.2930139232,1.18579129581
3.29705744186,1.18042521004
3.3011383604,1.17434520656
3.30525702474,1.16772462317
3.30941378402,1.160305882
3.31360899057,1.15213390673
3.31784300001,1.14337794417
3.32211617124,1.13377530704
3.32642886649,1.12327775576
3.33078145132,1.11204832236
3.33517429469,1.09978188065
3.33960776895,1.08634911833
3.34408224993,1.07188418907
3.34859811689,1.05604906823
3.35315575266,1.03864683431
3.35775554354,1.01976922071
3.36239787945,0.999020407371
3.36708315389,0.976120191318
3.37181176404,0.950988387595
3.37658411071,0.923030384421
3.38140059843,0.891620278713
3.38626163549,0.856321367119
3.39116763393,0.815899464005
3.39611900962,0.769182294518
3.40111618226,0.714602043522
3.40615957545,0.649518839058
3.41124961669,0.568549951551
3.41638673747,0.462081813817
3.4215713732,0.32726963561
3.4268039634,0.157027504904
3.43208495161,0.197327049501
3.43741478547,0.297110298184
3.44279391677,0.36315762789
3.44822280149,0.409578462277
3.4537018998,0.449314926699
3.45923167616,0.486588136566
3.4648125993,0.52119771994
3.4704451423,0.554325467776
3.47612978259,0.586697352671
3.48186700205,0.617056801983
3.48765728701,0.646101000501
3.49350112828,0.674122822797
3.49939902123,0.700367891059
3.50535146579,0.725302284969
3.51135896653,0.749443334827
3.51742203269,0.771905153792
3.52354117821,0.793233087202
3.52971692178,0.813968825991
3.5359497869,0.833156570863
3.54224030191,0.851319849939
3.54858900003,0.869123987553
3.55499641942,0.885405964042
3.5614631032,0.900713528086
3.56798959954,0.915911167853
3.57457646167,0.929562900817
3.58122424792,0.942182763947
3.58793352181,0.954951022321
3.59470485205,0.966027045226
3.60153881262,0.975941878948
3.60843598281,0.986284795738
3.61539694727,0.994789437589
3.62242229606,1.00174270836
3.62951262469,1.00950457647
3.63666853418,1.01525453287
3.64389063111,1.01918710274
3.65117952766,1.02433032893
3.6585358417,1.02721505967
3.66596019677,1.02775340295
3.67345322224,1.03016011061
3.68101555324,1.0308028964
3.68864783082,1.02822341432
3.69635070191,1.02817698226
3.70412481949,1.0263253926
3.71197084251,1.02134015471
3.71988943607,1.01946855917
3.7278812714,1.01604892145
3.73594702592,1.00830552476
3.74408738334,1.00427413112
3.75230303371,0.999893358262
3.7605946734,0.990590331603
3.7689630053,0.985168102802
3.77740873873,0.978993839834
3.78593258963,0.968342444904
3.79453528053,0.961880807309
3.80321754062,0.955885596519
3.8119801059,0.943643500686
3.82082371912,0.935557004625
3.82974912991,0.929387952361
3.83875709488,0.917819857443
3.84784837756,0.91000851585
3.8570237486,0.903236792466
3.86628398577,0.891841619383
3.87562987403,0.883703982011
3.88506220558,0.878663764578
3.89458177997,0.867437163226
3.90418940413,0.858440423816
3.91388589248,0.852822531442
3.92367206694,0.842876677634
3.93354875706,0.834840030676
3.94351680004,0.829383371973
3.95357704082,0.819191597555
3.9637303322,0.810597032093
3.97397753482,0.805557855728
3.9843195173,0.797485270013
3.99475715629,0.787822021925
4.00524284371,0.782229512214
4.01579310056,0.774158745197
4.0264732915,0.766216531525
4.03728501677,0.761502456258
4.04822989631,0.753645032898
4.05930957001,0.745174703776
4.07052569795,0.740148499445
4.08187996066,0.734095941555
4.09337405939,0.726076578706
4.10500971632,0.720588781435
4.11678867482,0.713812363535
4.12871269977,0.706591837214
4.14078357778,0.701971222715
4.15300311743,0.696330137744
4.1653731496,0.688581482782
4.17789552773,0.683235602876
4.19057212805,0.678484917894
4.20340484993,0.671935428911
4.21639561613,0.666856383388
4.22954637307,0.66136675411
4.24285909116,0.655024240783
2.91267738948,0.447039810291
2.91471984109,0.447057846885
2.91674544945,0.447069035599
2.91875435345,0.447082714154
2.92074669084,0.447101151658
2.92272259824,0.447113564487
2.92468221115,0.447128078643
2.92662566393,0.447143970725
2.92855308985,0.447152145071
2.93046462108,0.447164457554
2.9323603887,0.447183907118
2.93424052271,0.447197515807
2.93610515201,0.447213564377
2.93795440448,0.447233785136
2.93978840693,0.447248954496
2.94160728512,0.447266810328
2.94341116376,0.447289106536
2.94520016655,0.447311088391
2.94697441617,0.44732585921
2.94873403428,0.447339336648
2.95047914155,0.447361465673
2.95220985763,0.447395993523
2.9539263012,0.447431972808
2.95562858998,0.447461956969
2.95731684066,0.447490837019
2.95899116905,0.4475200968
2.96065168993,0.447549406274
2.96229851718,0.447588301098
2.96393176372,0.447635336189
2.96555154154,0.447683079822
2.96715796172,0.447738660473
2.96875113442,0.447799147485
2.97033116888,0.447860032916
2.97189817343,0.447931607527
2.97345225555,0.448010735101
2.97499352178,0.448097055972
2.97652207783,0.448195792253
2.9780380285,0.448304891184
2.97954147774,0.448434475888
2.98103252866,0.448587156641
2.9825112835,0.448758544913
2.98397784364,0.448968433639
2.98543230967,0.449221900955
2.98687478132,0.44952256015
2.98830535749,0.449870732082
2.9897241363,0.450345636216
2.991131215,0.450901760068
2.99252669012,0.451705146466
2.99391065731,0.452563310928
2.99528321151,0.45418112011
2.99664444681,0.455810236761
2.99799445656,0.460768986344
2.99933333334,0.455330574158
3.00066666666,0.00406254877428
3.00200616622,0.00927370292444
3.00335805528,0.0187449732317
3.0047224484,0.0266731471246
3.00609946126,0.0338469507596
3.00748921058,0.0403504406326
3.00889181418,0.04620173094
3.01030739092,0.0514120361545
3.01173606081,0.0559933451266
3.01317794496,0.0599751298583
3.01463316558,0.0633902041651
3.01610184604,0.0662807433204
3.01758411081,0.0687259492955
3.01908008556,0.0707815692787
3.02058989709,0.0724723817247
3.02211367338,0.0738421826614
3.02365154359,0.074908844562
3.02520363809,0.0756577737241
3.02677008843,0.0760639857141
3.02835102741,0.0760714898091
3.02994658903,0.0756119076543
3.03155690854,0.0745986087769
3.03318212244,0.0729296822534
3.03482236849,0.0704839176657
3.03647778575,0.0671067782907
3.03814851452,0.0625830938511
3.03983469642,0.0565933782258
3.04153647439,0.0485335826751
3.04325399269,0.03703299759
3.0449873969,0.0158651482637
3.04673683396,0.0319794576063
3.04850245215,0.0493928349183
3.05028440114,0.0633251630423
3.05208283198,0.0758008850965
3.05389789713,0.0875080864054
3.05572975042,0.0988024192476
3.05757854715,0.109898246972
3.05944444403,0.120940647657
3.06132759922,0.13203689071
3.06322817236,0.143264889187
3.06514632455,0.154685086209
3.06708221837,0.166344721424
3.06903601793,0.17827887803
3.07100788885,0.190513322864
3.07299799827,0.203067853342
3.07500651489,0.215957721999
3.07703360897,0.229195471164
3.07907945232,0.242792444271
3.08114421838,0.256759491779
3.08322808216,0.271107626197
3.0853312203,0.285848337905
3.08745381109,0.300993540174
3.08959603443,0.316554962774
3.09175807193,0.332542718081
3.09394010685,0.348964581213
3.09614232415,0.365827158846
3.0983649105,0.383131322033
3.10060805431,0.400872239906
3.10287194573,0.419041185486
3.10515677663,0.437625018393
3.10746274072,0.456603304844
3.10979003345,0.475952061303
3.11213885211,0.495639437803
3.1145093958,0.515632431611
3.11690186544,0.535894889195
3.11931646384,0.556389813916
3.12175339569,0.5770830916
3.12421286754,0.597938352548
3.12669508789,0.618903574202
3.12920026714,0.639942620438
3.13172861765,0.66101912707
3.13428035372,0.682086918379
3.13685569167,0.703111581983
3.13945484979,0.724060269776
3.14207804842,0.744885832386
3.1447255099,0.765554560884
3.14739745864,0.786038878339
3.15009412115,0.806290730927
3.15281572601,0.826277660674
3.15556250391,0.845986560979
3.15833468769,0.865370401531
3.16113251236,0.884389302677
3.16395621504,0.903042850631
3.16680603511,0.921286531979
3.16968221414,0.939072249159
3.17258499593,0.95641471898
3.17551462653,0.97328066066
3.17847135427,0.989605234831
3.1814554298,1.00541209607
3.18446710606,1.02068961444
3.18750663833,1.03535928377
3.19057428427,1.04945047346
3.19367030391,1.06298548764
3.19679495969,1.07589647299
3.19994851647,1.08821210143
3.20313124156,1.09998564689
3.20634340477,1.11110952841
3.20958527836,1.12154489533
3.21285713714,1.13144718716
3.21615925846,1.14074965831
3.21949192222,1.14937575326
3.22285541092,1.15744549592
3.22625000967,1.16488526355
3.22967600622,1.17162757468
3.23313369096,1.17780909958
3.23662335702,1.18336771219
3.24014530018,1.18819524323
3.24369981899,1.19243865445
3.24728721475,1.1960686689
3.25090779154,1.19894017185
3,2.86544164841
3,2.41173621167
3,2.03391376225
3,1.76778691029
3,1.63429748869
3,1.60205383071
3,1.60778662077
3,1.61766812606
3,1.61814241883
3,1.60602986124
3,1.5841096032
3,1.55522873774
3,1.52043483923
3,1.48142049984
3,1.43935292689
3,1.39519796839
3,1.34919041529
3,1.30145324938
3,1.25263168916
3,1.20355458649
3,1.15482818455
3,1.1066656875
3,1.05911114439
3,1.01212690951
3,0.965776445131
3,0.919794239813
3,0.873948693975
3,0.828341042935
3,0.782877768529
3,0.737531022306
3,0.69184486066
3,0.645229912002
3,0.597261849556
3,0.548156233329
3,0.497958526779
3,0.445887149154
3,0.390805034515
3,0.33118453831
3,0.263968612375
3,0.181505582873
3,0.0896877566391
3,0.183790344746
3,0.248825684828
3,0.295990959266
3,0.331528998881
3,0.35721974111
3,0.374698005926
3,0.386607656669
3,0.395153227273
3,0.401274903248
3,0.404604772251
3,0.405049084698
3,0.402448812009
3,0.396857331833
3,0.388939016369
3,0.379389771092
3,0.368646318589
3,0.356953326964
3,0.344787688916
3,0.332593174281
3,0.320321064716
3,0.307811676503
3,0.295058794248
3,0.282136848772
3,0.269141718372
3,0.256154332348
3,0.243246766165
3,0.230468225519
3,0.217846714403
3,0.205404073627
3,0.193147893946
3,0.181079604231
3,0.169203116238
3,0.157512834655
3,0.146000963482
3,0.134672916292
3,0.123535724687
3,0.112590226694
3,0.10184390946
3,0.0913104098215
3,0.0809965698403
3,0.0709057926945
3,0.0610489531734
3,0.0514434565991
3,0.0421049377865
3,0.0330275375718
3,0.0242041324536
3,0.01592499058
3,0.0105588895461
3,0.0018808894856
0.0130310534609,0.888906599448
0.0389856986318,0.515174113007
0.0647263064936,0.433598279362
0.0902546421243,0.419563403041
0.115572456045,0.398264228859
0.140681484344,0.387570475418
0.165583448789,0.377820399424
0.19028005695,0.373385350502
0.214773002318,0.376843281434
0.239063964416,0.406942246244
0.263154608916,0.433138827513
0.287046587755,0.441216949252
0.310741539249,0.441510841746
0.3342410882,0.44082502387
0.357546846012,0.440076410501
0.380660410804,0.439277981292
0.403583367511,0.438672553527
0.426317287999,0.438240730086
0.448863731172,0.437864767556
0.471224243081,0.437472144249
0.493400357023,0.437094817278
0.515393593652,0.43679420986
0.537205461083,0.436505654929
0.558837454994,0.436261349928
0.580291058726,0.436087688326
0.601567743391,0.435932308346
0.622668967968,0.435810495397
0.643596179404,0.435713260764
0.664350812715,0.435599715516
0.68493429108,0.435514912138
0.705348025946,0.435426002362
0.725593417115,0.435313406044
0.745671852851,0.435228864399
0.765584709967,0.435158190919
0.78533335392,0.435069882765
0.804919138909,0.435001621237
0.824343407966,0.434956028464
0.843607493047,0.434895748118
0.862712715122,0.434847825236
0.88166038427,0.434821879043
0.900451799765,0.434788273217
0.919088250168,0.434757829546
0.93757101341,0.434747265794
0.955901356888,0.434738189263
0.974080537544,0.434725017532
0.992109801958,0.43472837107
1.00999038643,0.434742449236
1.02772351705,0.434748642712
1.04531040982,0.434765867738
1.0627522707,0.434798142969
1.08005029572,0.434819707596
1.09720567101,0.434848940886
1.11421957297,0.434896012799
1.13109316827,0.434931263672
1.14782761394,0.43497266438
1.1644240575,0.435033620099
1.180883637,0.435081789334
1.19720748111,0.435132232397
1.21339670918,0.435201068276
1.22945243132,0.435256584607
1.24537574851,0.435314349797
1.26116775264,0.435391328913
1.27682952658,0.435453917969
1.29236214431,0.435518653588
1.3077666709,0.435603051034
1.3230441627,0.435672594494
1.33819566728,0.435742460206
1.35322222362,0.43583175971
1.36812486212,0.435906119956
1.38290460467,0.435980427093
1.39756246475,0.436073321285
1.41209944747,0.436151303794
1.42651654966,0.43622881705
1.44081475992,0.436324439207
1.45499505871,0.436405948636
1.4690584184,0.436485797091
1.48300580333,0.436583059131
1.4968381699,0.436666586212
1.51055646662,0.436748222403
1.52416163416,0.436846262757
1.53765460548,0.436931212553
1.55103630581,0.437013690567
1.56430765273,0.437111882481
1.57746955631,0.437198501895
1.59052291907,0.437281728199
1.6034686361,0.437379327278
1.61630759512,0.43746643109
1.6290406765,0.437550409476
1.64166875339,0.437647035865
1.65419269171,0.437733580456
1.66661335025,0.437816820881
1.67893158072,0.437912367234
1.69114822779,0.438000216964
1.70326412919,0.438084493244
1.71528011572,0.438178670176
1.72719701134,0.43826540523
1.73901563321,0.438349436495
1.75073679177,0.43844264203
1.76236129072,0.438529078435
1.77388992721,0.438612392838
1.78532349177,0.438703670953
1.7966627684,0.438789566398
1.80790853468,0.438872773445
1.81906156174,0.438962755186
1.83012261436,0.439047149644
1.84109245101,0.439129390764
1.85197182393,0.43921762546
1.86276147912,0.439300876248
1.87346215645,0.439382289954
1.88407458969,0.439468669856
1.89459950654,0.439550598528
1.90503762871,0.439630791616
1.91538967199,0.439715497811
1.92565634621,0.439795592187
1.93583835538,0.439874400855
1.9459363977,0.439957485877
1.9559511656,0.440036006407
1.96588334582,0.440114047787
1.97573361944,0.440195293666
1.98550266188,0.440271600532
1.99519114304,0.440347554783
2.00479972727,0.440427278819
2.01432907345,0.440501866499
2.02377983503,0.44057592289
2.03315266004,0.440653982415
2.04244819122,0.440727227116
2.05166706596,0.440800424699
2.06080991643,0.44087679962
2.06987736956,0.440947736405
2.07887004713,0.44101889456
2.08778856577,0.441094024372
2.09663353705,0.441163276992
2.10540556749,0.441231548871
2.11410525858,0.441304445452
2.12273320689,0.441372095809
2.13129000405,0.4414400616
2.13977623682,0.441511858508
2.14819248712,0.441577535175
2.15653933204,0.441642464822
2.16481734396,0.44171277622
2.17302709052,0.44177766706
2.18116913466,0.441839524813
2.1892440347,0.44190809728
2.19725234436,0.441971844931
2.20519461277,0.442033456945
2.21307138455,0.442102814096
2.22088319983,0.44216512609
2.22863059427,0.442222245157
2.23631409914,0.442289767642
2.24393424129,0.442350097499
2.25149154325,0.442403276398
2.25898652325,0.442469913645
2.26641969522,0.442528191311
2.27379156888,0.44257985012
2.28110264971,0.442648881753
2.28835343906,0.442708530013
2.29554443412,0.442757845828
2.302676128,0.44282052936
2.30974900973,0.442877081676
2.3167635643,0.442924133105
2.32372027273,0.442985482568
2.33061961203,0.443040582757
2.33746205531,0.443087862555
2.34424807176,0.443149841677
2.35097812672,0.443205304442
2.35765268169,0.443250754023
2.36427219434,0.443308370781
2.37083711858,0.443360964451
2.37734790459,0.443404680924
2.38380499881,0.443461182869
2.39020884403,0.443513377243
2.39655987936,0.443557357754
2.40285854032,0.443612874648
2.40910525879,0.443664003682
2.41530046315,0.443708884861
2.4214445782,0.443761903363
2.42753802525,0.443809967532
2.43358122214,0.443852526908
2.43957458327,0.443902503099
2.44551851961,0.443948354722
2.45141343874,0.443989098907
2.4572597449,0.444037979458
2.46305783896,0.444083217715
2.46880811853,0.444122070143
2.4745109779,0.444170726623
2.48016680813,0.444216730831
2.48577599704,0.444257394563
2.49133892928,0.44430584088
2.4968559863,0.444349815799
2.50232754641,0.444390305148
2.50775398481,0.444435371492
2.5131356736,0.444475180448
2.51847298181,0.444512306431
2.52376627543,0.444556331011
2.52901591743,0.444596493368
2.53422226778,0.444632321361
2.53938568351,0.444677132813
2.54450651865,0.444718020985
2.54958512438,0.444756068792
2.55462184892,0.444800085824
2.55961703766,0.444836702015
2.56457103314,0.444875799036
2.56948417504,0.44491726334
2.57435680028,0.444948174415
2.57918924299,0.444982084919
2.58398183451,0.445022896418
2.5887349035,0.445055562624
2.59344877588,0.445088011638
2.59812377489,0.445128100185
2.60276022111,0.445160489109
2.60735843245,0.445196971642
2.61191872423,0.445235029533
2.61644140915,0.445262509059
2.62092679735,0.445292556583
2.62537519639,0.445326915178
2.62978691131,0.445353343534
2.63416224463,0.445383055575
2.63850149636,0.445418129479
2.64280496408,0.445443812243
2.64707294285,0.445472215491
2.65130572536,0.445504152111
2.65550360185,0.445528511505
2.65966686017,0.445554510665
2.66379578581,0.445581173387
2.6678906619,0.445599755006
2.67195176921,0.445618718432
2.67597938625,0.445642859375
2.67997378918,0.445662401942
2.68393525191,0.445685128173
2.68786404608,0.445716464132
2.6917604411,0.445745086217
2.69562470414,0.445772287134
2.6994571002,0.445802671519
2.70325789205,0.445829499189
2.70702734033,0.44585708963
2.71076570353,0.445877554841
2.71447323798,0.445890434005
2.71815019791,0.445913135736
2.72179683546,0.445943220062
2.72541340068,0.445965195995
2.72900014157,0.445989112926
2.73255730409,0.446011649918
2.73608513215,0.446031446577
2.73958386765,0.446056903683
2.74305375053,0.446080185922
2.7464950187,0.44609102698
2.74990790813,0.446110372165
2.75329265288,0.446136458977
2.75664948503,0.446158260899
2.75997863475,0.446180990591
2.76328033034,0.446202708301
2.76655479821,0.446222418815
2.76980226288,0.446244622601
2.77302294704,0.446259295879
2.77621707155,0.44626731524
2.77938485542,0.446282153999
2.78252651587,0.446304502733
2.78564226834,0.446322818139
2.78873232649,0.446337720571
2.79179690218,0.446354361113
2.79483620557,0.446370627429
2.79785044509,0.446384174345
2.8008398274,0.446400650724
2.8038045575,0.446417454998
2.80674483869,0.446430679014
2.80966087259,0.446446751552
2.81255285916,0.446463703173
2.8154209967,0.446477491653
2.81826548188,0.446493881556
2.82108650977,0.446510545169
2.82388427379,0.446523284993
2.8266589658,0.44653919294
2.82941077606,0.446555114139
2.83213989327,0.446567731412
2.83484650458,0.446582881896
2.83753079558,0.446596068896
2.84019295032,0.446607683543
2.84283315137,0.446625157457
2.84545157976,0.446643066765
2.84804841505,0.446655938749
2.8506238353,0.446672596261
2.85317801712,0.446691222422
2.85571113564,0.446702309172
2.85822336459,0.446714874063
2.8607148762,0.446727990245
2.86318584135,0.446735729996
2.86563642946,0.446749048618
2.86806680858,0.446766874117
2.87047714535,0.446778031245
2.87286760507,0.446788067004
2.87523835164,0.44680307357
2.87758954764,0.446822864439
2.8799213543,0.446836827209
2.8822339315,0.446843576515
2.88452743782,0.4468577291
2.88680203055,0.446877003224
2.88905786563,0.446892067481
2.89129509777,0.446905375397
2.89351388038,0.446922745773
2.8957143656,0.446941335059
2.89789670431,0.446954033933
2.90006104618,0.446968172795
2.9022075396,0.446981178036
2.90433633178,0.446987926592
2.90644756868,0.447000499273
2.90854139508,0.447017969526
2.91061795455,0.447027007213
12.0935524313,0.756642645853
12.0956636682,0.753790302421
12.0977924604,0.751029461438
12.0999389538,0.748610424336
12.1021032957,0.745811591253
12.1042856344,0.743052390506
12.1064861196,0.740674788858
12.1087049022,0.737936561232
12.1109421344,0.735178043452
12.1131979695,0.732835240308
12.1154725622,0.730167849688
12.1177660685,0.727419724637
12.1200786457,0.725099239287
12.1224104523,0.722488127864
12.1247616484,0.719745441869
12.1271323949,0.717452811254
12.1295228547,0.71490257363
12.1319331915,0.712156972883
12.1343635705,0.709871794819
12.1368141587,0.707379356478
12.1392851238,0.704642606058
12.1417766354,0.702363817607
12.1442888643,0.699917585103
12.1468219829,0.697174708581
12.1493761647,0.694910860738
12.1519515849,0.692530658079
12.1545484202,0.689797088495
12.1571668487,0.687527893628
12.1598070497,0.685201396436
12.1624692044,0.682494894891
12.1651534954,0.680238467773
12.1678601068,0.677970529726
12.170589224,0.675274182181
12.1733410342,0.673028200009
12.1761157262,0.670835308095
12.1789134902,0.668188227269
12.1817345181,0.665938981396
12.1845790033,0.663791052697
12.1874471408,0.661193135329
12.1903391274,0.6589624604
12.1932551613,0.656877312847
12.1961954425,0.654316655611
12.1991601726,0.652082076261
12.2021495549,0.650057605812
12.2051637944,0.647570892421
12.2082030978,0.6453496458
12.2112676735,0.643354176023
12.2143577316,0.640910342514
12.2174734841,0.638705514587
12.2206151446,0.636773757905
12.2237829285,0.634382670336
12.2269770529,0.63217226659
12.2301977371,0.630275699697
12.2334452018,0.627959970386
12.2367196697,0.625781896517
12.2400213652,0.623911868915
12.243350515,0.62163178032
12.2467073471,0.619457672027
12.2500920919,0.617647577925
12.2535049813,0.615437601379
12.2569462494,0.613271430229
12.2604161324,0.611475025456
12.2639148679,0.609329587276
12.2674426959,0.607207743147
12.2709998585,0.60544512161
12.2745865994,0.60334118791
12.2782031645,0.60121147629
12.2818498021,0.599484222241
12.2855267621,0.59747393491
12.2892342965,0.595376272906
12.2929726597,0.593651637409
12.2967421079,0.591687087593
12.3005428998,0.589637519358
12.3043752959,0.587954827399
12.3082395589,0.586048204655
12.312135954,0.583992574006
12.3160647481,0.582320318315
12.3200262108,0.580503924942
12.3240206138,0.578514304177
12.3280482308,0.576857177331
12.3321093381,0.575064735844
12.3362042142,0.573118353543
12.3403331398,0.571504243627
12.3444963981,0.569786226393
12.3486942747,0.567852006793
12.3529270571,0.566240324024
12.3571950359,0.564591740649
12.3614985036,0.562747921711
12.3658377554,0.561172530206
12.3702130887,0.55953753779
12.3746248036,0.557720487522
12.3790732027,0.55618296107
12.3835585909,0.554635545529
12.3880812758,0.552856570003
12.3926415676,0.551326228663
12.3972397789,0.549819955937
12.4018762251,0.548134443215
12.4065512241,0.546660333988
12.4112650965,0.54517737242
12.4160181655,0.543508396376
12.420810757,0.54206193847
12.4256431997,0.540663393953
12.4305158249,0.539054474476
12.4354289669,0.537631431192
12.4403829623,0.536259252721
12.445378151,0.53473376135
12.4504148756,0.533374407259
12.4554934813,0.532035948199
12.4606143165,0.530524791974
12.4657777322,0.529187124759
12.4709840826,0.527924808895
12.4762337245,0.526487567071
12.4815270182,0.525189082191
12.4868643264,0.523944410306
12.4922460152,0.522574938807
12.4976724536,0.521338048369
12.5031440137,0.520133798565
12.5086610707,0.518783656943
12.5142240029,0.517568296935
12.5198331919,0.516426461418
12.5254890221,0.515151425312
12.5311918814,0.513985899026
12.536942161,0.51286211612
12.5427402551,0.51163989358
12.5485865613,0.510526895902
12.5544814804,0.50944178442
12.5604254167,0.508243754714
12.5664187778,0.507156125527
12.5724619748,0.506122188403
12.5785554218,0.5049911448
12.5846995368,0.503955114512
12.5908947412,0.502944217815
12.5971414597,0.501855578942
12.6034401207,0.500861560629
12.6097911559,0.49988229549
12.6161950012,0.498824768365
12.6226520954,0.497864776808
12.6291628814,0.496932194516
12.6357278056,0.495930062389
12.6423473183,0.495015245568
12.6490218732,0.494106381382
12.6557519282,0.493141461832
12.6625379447,0.492263701611
12.669380388,0.491382857484
12.6762797273,0.490453997726
12.6832364357,0.489613418822
12.6902509903,0.488770823035
12.697323872,0.487882793983
12.7044555658,0.487078464674
12.711646561,0.486262286211
12.7188973503,0.485412618094
12.7262084311,0.484643392121
12.7335803048,0.483851702087
12.7410134767,0.483035397054
12.7485084568,0.482299203296
12.7560657587,0.481537415515
12.7636859008,0.480755714138
12.7713694057,0.480051911268
12.7791168001,0.479317431758
12.7869286154,0.478570901338
12.7948053872,0.477898344658
12.8027476556,0.477188151686
12.8107559653,0.476474672272
12.8188308653,0.475831194229
12.8269729095,0.475144976979
12.835182656,0.474462686492
12.8434606679,0.473848306225
12.8518075128,0.473188463363
12.8602237631,0.472538967193
12.8687099959,0.471951681932
12.8772667931,0.471314581612
12.8858947414,0.470695823065
12.8945944325,0.47013376528
12.9033664629,0.469520057447
12.9122114343,0.468933195513
12.9211299529,0.468395091418
12.9301226304,0.467804828789
12.9391900836,0.467248271012
12.948332934,0.466731625912
12.9575518088,0.466165260243
12.96684734,0.465638353191
12.976220165,0.465143434349
12.9856709266,0.464601505125
12.9952002727,0.464102976075
13.0048088569,0.463625529852
13.0144973381,0.463105362053
13.0242663805,0.462633137979
13.0341166542,0.462175725876
13.0440488344,0.461679398084
13.0540636023,0.461233852645
13.0641616446,0.460794696334
13.0743436538,0.460321389385
13.084610328,0.459900186968
13.0949623712,0.459475977009
13.1054004935,0.45902554528
13.1159254103,0.458629783531
13.1265378436,0.458225945419
13.1372385209,0.457799106187
13.1480281761,0.457425354336
13.1589075489,0.457038042599
13.1698773856,0.456633230601
13.1809384382,0.456280154803
13.1920914653,0.455908828406
13.2033372316,0.455526172585
13.2146765082,0.455194638425
13.2261100727,0.454842330027
13.2376387092,0.454484772341
13.2492632083,0.454174821293
13.2609843668,0.453839161357
13.2728029886,0.453501096283
13.2847198842,0.453207857078
13.2967358708,0.452886419927
13.3088517722,0.452568370027
13.3210684193,0.452291176702
13.3333866498,0.451980959077
13.3458073083,0.451683713771
13.3583312466,0.451425458716
13.3709593235,0.451132041395
13.3836924049,0.450853693173
13.3965313639,0.450612466624
13.4094770809,0.450337727125
13.4225304437,0.45007656672
13.4356923472,0.449848880985
13.4489636942,0.449587151962
13.4623453945,0.449346758495
13.4758383658,0.449138535006
13.4894435334,0.44889560764
13.5031618301,0.448669348591
13.5169941966,0.448469896153
13.5309415816,0.448232695825
13.5450049413,0.448018653038
13.5591852401,0.44783067602
13.5734834504,0.447607730529
13.5879005525,0.447416953995
13.6024375353,0.447251479126
13.6170953953,0.447052174074
13.6318751378,0.446881616144
13.6467777763,0.446731362221
13.6618043327,0.446547200141
13.6769558373,0.446393552946
13.6922333291,0.44625650192
13.7076378557,0.446087041698
13.7231704734,0.445949216606
13.7388322473,0.445823247043
13.7546242515,0.445664839974
13.7705475687,0.445543205763
13.7866032908,0.445429766598
13.8027925189,0.445282954361
13.819116363,0.445176934086
13.8355759425,0.445076028674
13.8521723861,0.444943099523
13.8689068317,0.444850538525
13.885780427,0.444758985965
13.902794329,0.444639316174
13.9199497043,0.444563060075
13.9372477293,0.444482537847
13.9546895902,0.444373712033
13.972276483,0.444310497708
13.9900096136,0.44423907086
14.007890198,0.444141665821
14.0259194625,0.444092358147
14.0440986431,0.444029782548
14.0624289866,0.443944413997
14.0809117499,0.443908898468
14.0995482003,0.443855022773
14.1183396158,0.44378151239
14.1372872849,0.443759172701
14.156392507,0.443714141426
14.175656592,0.443651018715
14.1950808611,0.443640075793
14.214666646,0.443603770526
14.23441529,0.443551829881
14.2543281471,0.443552601915
14.2744065829,0.443523799764
14.294651974,0.443480478502
14.3150657089,0.443491991197
14.3356491873,0.44347105801
14.3564038205,0.443435217918
14.377331032,0.44345410609
14.3984322566,0.44344199075
14.4197089413,0.443415677747
14.441162545,0.443444513797
14.4627945389,0.443438330174
14.4846064064,0.44342043095
14.506599643,0.443464610347
14.5287757569,0.443470304453
14.5511362688,0.443461278271
14.573682712,0.443511664805
14.5964166325,0.443523510627
14.6193395892,0.443520556369
14.642453154,0.443576590234
14.6657589118,0.443592599729
14.6892584608,0.443596150463
14.7129534122,0.443664962317
14.7368453911,0.443683619305
14.7609360356,0.443691195046
14.7852269977,0.443771147558
14.8097199431,0.443794621808
14.8344165512,0.443804768631
14.8593185157,0.4438869107
14.884427544,0.443907807746
14.9097453579,0.443923454612
14.9352736935,0.444014643666
14.9610143014,0.444062781834
14.9869689466,0.444139851397
12.0006666666,1.30394043449
12.0020055434,1.53450372347
12.0033555531,0.752473417835
12.0047167885,0.204390730374
12.0060893427,0.789181740742
12.0074733098,0.655649929693
12.0088687849,0.79609374878
12.0102758637,0.761172185168
12.0116946425,0.81349241565
12.0131252186,0.80686194547
12.0145676903,0.828009588268
12.0160221563,0.828283575533
12.0174887165,0.837584572937
12.0189674713,0.838721028891
12.0204585223,0.842611332777
12.0219619715,0.84348397333
12.0234779222,0.844662680099
12.0250064782,0.844630696018
12.0265477444,0.844680233512
12.0281018266,0.843753157067
12.0296688312,0.842659160124
12.0312488656,0.841370833631
12.0328420383,0.839581279702
12.0344484584,0.837584638359
12.0360682362,0.835722446304
12.0377014828,0.83347013864
12.0393483101,0.831096628493
12.041008831,0.828962799093
12.0426831594,0.826546414771
12.04437141,0.823989254272
12.0460736988,0.821736481765
12.0477901423,0.819276043022
12.0495208585,0.816633575455
12.0512659657,0.814315406951
12.0530255838,0.811852843554
12.0547998334,0.809156817682
12.0565888363,0.80678219806
12.0583927149,0.804318187539
12.0602115931,0.801566764629
12.0620455955,0.799121580238
12.063894848,0.796647003866
12.0657594773,0.793841224072
12.0676396113,0.791319260212
12.0695353789,0.788828705572
12.0714469101,0.785970010467
12.0733743361,0.783374255908
12.0753177888,0.780877096013
12.0772774017,0.777982554296
12.0792533092,0.775319385253
12.0812456465,0.772823372557
12.0832545505,0.769919377508
12.0852801589,0.767207981479
12.0873226106,0.764727946229
12.0893820454,0.761835563623
12.0914586049,0.759090589472
11.7490922085,0.492315709689
11.7527127853,0.492678199415
11.756300181,0.49304301435
11.7598546998,0.493413356117
11.7633766429,0.493781889277
11.766866309,0.49415191166
11.7703239938,0.494530138612
11.7737499903,0.494911933919
11.7771445891,0.495300642004
11.7805080777,0.495702991002
11.7838407415,0.496111872256
11.7871428629,0.496525195709
11.7904147217,0.49694820212
11.7936565952,0.497377483038
11.7968687584,0.497814471111
11.8000514835,0.498266282682
11.8032050403,0.498728779548
11.8063296961,0.499198449299
11.8094257158,0.499677210294
11.8124933617,0.500160440529
11.815532894,0.500646802215
11.8185445702,0.501140559829
11.8215286457,0.501638085476
11.8244853735,0.502134046218
11.8274150041,0.502624718924
11.8303177858,0.503100568037
11.8331939648,0.50355407547
11.836043785,0.503983022587
11.8388674876,0.504381838749
11.8416653123,0.504745484343
11.8444374961,0.50507026309
11.847184274,0.505345989934
11.8499058789,0.505560054637
11.8526025414,0.505700388496
11.8552744901,0.505751105876
11.8579219516,0.505697047487
11.8605451502,0.505525927287
11.8631443083,0.505223955548
11.8657196463,0.504776816894
11.8682713823,0.504169309143
11.8707997328,0.503381735585
11.8733049121,0.502393778285
11.8757871325,0.501185461578
11.8782466043,0.499734769105
11.8806835361,0.498019798444
11.8830981346,0.496017623256
11.8854906042,0.493701829375
11.8878611479,0.491046192907
11.8902099665,0.4880228855
11.8925372593,0.484602017774
11.8948432233,0.480755282874
11.8971280543,0.476450536226
11.8993919457,0.471655634404
11.9016350895,0.466336498881
11.9038576759,0.460455770965
11.9060598932,0.453977189427
11.9082419281,0.446860862768
11.9104039656,0.43906715599
11.9125461889,0.430555499614
11.9146687797,0.421282750089
11.9167719178,0.411205663542
11.9188557816,0.400277695886
11.9209205477,0.388452191553
11.922966391,0.375677947127
11.9249934851,0.361903408567
11.9270020018,0.347070950381
11.9289921112,0.331120721706
11.930963982,0.313988100934
11.9329177816,0.29560237103
11.9348536755,0.275886091238
11.9367718276,0.254751057438
11.9386724008,0.232103295531
11.940555556,0.207861611072
11.9424214529,0.181986295557
11.9442702496,0.154616448593
11.9461021029,0.12642002255
11.947917168,0.099628935853
11.9497155989,0.0810410207663
11.9514975479,0.082596061068
11.953263166,0.106784258541
11.9550126031,0.141294111711
11.9567460073,0.175904045755
11.9584635256,0.205301877779
11.9601653036,0.227644264704
11.9618514855,0.243525168625
11.9635222142,0.254939886821
11.9651776315,0.263820064991
11.9668178776,0.272254952339
11.9684430915,0.282132923552
11.970053411,0.29489842603
11.9716489726,0.311036231664
11.9732299115,0.329357844301
11.9747963619,0.347448782397
11.9763484564,0.362361667728
11.9778863266,0.371923609915
11.9794101029,0.374114458209
11.9809199145,0.367491010354
11.9824158892,0.350869616734
11.983898154,0.323649100096
11.9853668344,0.2851649049
11.9868220551,0.233499491825
11.9882639392,0.164108762042
11.9896926091,0.0652438145351
11.9911081859,0.14962400991
11.9925107894,0.197372700422
11.9939005387,0.220796442629
11.9952775516,0.221412632571
11.9966419448,0.206886790647
11.9979938338,0.157291467677
11.9993333334,0.10139330663
12,11.6843269943
12,11.5197455145
12,11.3761147436
12,11.2425196322
12,11.1105738639
12,10.9773715
12,10.8419533267
12,10.7037421567
12,10.562482429
12,10.4179713451
12,10.2702553867
12,10.1194438498
12,9.96568470152
12,9.80924546919
12,9.65084837689
12,9.49025567836
12,9.32730999607
12,9.16237160862
12,8.99574734118
12,8.82763823578
12,8.65819111309
12,8.48726651074
12,8.31560546042
12,8.14375031005
12,7.97185875578
12,7.79982692661
12,7.62740789317
12,7.45429048865
12,7.28012174974
12,7.10453080939
12,6.9271445865
12,6.74759604365
12,6.56552633376
12,6.38058038992
12,6.19240063777
12,6.00061731167
12,5.80484043022
12,5.60464975614
12,5.39956811425
12,5.18909073841
12,4.97288454213
12,4.74982473896
12,4.51864146627
12,4.27822573941
12,4.02978205926
12,3.78086560713
12,3.54279171042
12,3.31771325183
12,3.10389111458
12,2.90057066559
12,2.70728260522
12,2.5235388317
12,2.34878855633
12,2.18234381724
12,2.02341862865
12,1.87142870666
12,1.72619623329
12,1.58745111924
12,1.45451212631
12,1.32663059236
12,1.20311396861
12,1.08332869187
12,0.966616415543
12,0.853688140931
12,0.744471220059
12,0.640815163034
12,0.544798134975
12,0.453433232381
12,0.367497906596
12,0.300402598842
12,0.286976782501
12,0.32288033755
12,0.367599644362
12,0.40475687652
12,0.432365235991
12,0.452090965297
12,0.463861126435
12,0.468281231533
12,0.467212540939
12,0.461088606811
12,0.449546523943
12,0.433632920373
12,0.414389307077
12,0.391923328579
12,0.36688775181
12,0.339494531986
12,0.309512395999
12,0.276973621553
12,0.244387502449
12,0.0469433395367
7.79601954442,0.473071415137
7.8229304121,0.473084404727
7.84984127977,0.473082021843
7.87675214745,0.473062964144
7.90366301512,0.473049516015
7.9305738828,0.47303479392
7.95748475048,0.47302644948
7.98439561815,0.473029734279
8.01130648582,0.473033501203
8.0382173535,0.473037111455
8.06512822117,0.473045199129
8.09203908885,0.473050493743
8.11894995653,0.473055407116
8.1458608242,0.473063828859
8.17277169187,0.473069477094
8.19968255955,0.473075818959
8.22659342722,0.473085899484
8.2535042949,0.473093814364
8.28041516258,0.473100206541
8.30732603025,0.473110754703
8.33423689793,0.473116834591
8.3611477656,0.473122110701
8.38805863327,0.473134915118
8.41496950095,0.473143647485
8.44188036863,0.473148038122
8.4687912363,0.473166296983
8.49570210397,0.473192296741
8.52261297165,0.473215501182
8.54952383933,0.473250192408
8.576434707,0.4732883962
8.60334557468,0.473321301791
8.63025644235,0.473348995818
8.65716731002,0.47336126493
8.6840781777,0.473357781947
8.71098904537,0.473354850592
8.73789991305,0.473343983299
8.76481078072,0.473334149465
8.7917216484,0.473336151752
8.81863251607,0.473339635817
8.84554338375,0.473339344936
8.87245425142,0.473342335149
8.8993651191,0.473340223165
8.92627598677,0.473331827319
8.95318685445,0.473328700515
8.98009772213,0.473319050936
9.0070085898,0.473309670166
9.03391945747,0.473309285196
9.06083032515,0.473309903312
9.08774119282,0.473303769637
9.1146520605,0.473298857063
9.14156292818,0.47329542998
9.16847379585,0.473286196263
9.19538466353,0.473280365664
9.22229553119,0.473275391214
9.24920639887,0.473265858038
9.27611726655,0.473258415614
9.30302813422,0.473254706323
9.32993900189,0.47323998711
9.35684986957,0.473226840853
9.38376073724,0.473222343435
9.41067160492,0.473211996366
9.4375824726,0.473200259333
9.46449334027,0.47319497516
9.49140420794,0.473178272761
9.51831507562,0.473154392221
9.54522594329,0.473125428153
9.57213681097,0.47307753822
9.59904767865,0.473037321973
9.62595854632,0.473001490535
9.65286941399,0.472954002208
9.67961658426,0.472915932574
9.70603835123,0.472883790074
9.73213867374,0.472870703463
9.75792146244,0.472878373082
9.78339058041,0.47292440834
9.80854984373,0.472978607157
9.83340302208,0.473052787021
9.85795383924,0.473111034285
9.88220597371,0.473168461265
9.90616305924,0.473224195224
9.92982868536,0.473261597106
9.95320639793,0.473279606464
9.97629969967,0.4732900796
9.9991120507,0.473286882227
10.0216468691,0.473280198847
10.0439075311,0.473279564431
10.0658973724,0.473280208027
10.0876196875,0.473278695551
10.1090777311,0.473279799635
10.1302747184,0.47327571312
10.1512138254,0.473274423927
10.1718981893,0.473276157131
10.1923309094,0.47327951279
10.2125150473,0.473285171345
10.232453627,0.473294144835
10.252149636,0.473297328856
10.2716060253,0.473302151009
10.2908257103,0.473311250395
10.3098115707,0.473317644143
10.3285664509,0.473325599616
10.3470931613,0.473331950731
10.3653944776,0.473340566881
10.3834731421,0.473349671937
10.4013318634,0.473357723834
10.4189733173,0.473364299441
10.4364001471,0.47336534109
10.453614964,0.473365459367
10.4706203472,0.473364837902
10.4874188446,0.473372514385
10.5040129733,0.473381406436
10.5204052195,0.473385790749
10.5365980394,0.473389390261
10.552593859,0.473396120959
10.5683950753,0.473400264776
10.5840040556,0.47340266813
10.5994231386,0.473404628629
10.6146546347,0.473409143362
10.6297008259,0.473413292182
10.6445639668,0.473418781815
10.6592462842,0.473420020494
10.6737499782,0.473425573499
10.6880772217,0.473435380566
10.7022301614,0.473444414517
10.7162109179,0.473450041571
10.730021586,0.473450884252
10.7436642349,0.473457389456
10.7571409089,0.473466901961
10.7704536269,0.473479852713
10.7836043839,0.473483715782
10.7965951501,0.473480351143
10.8094278719,0.473479615222
10.8221044722,0.473481653482
10.8346268504,0.473480664271
10.8469968826,0.473489630405
10.8592164223,0.473493474211
10.8712873002,0.473505979279
10.8832113252,0.473508306824
10.8949902837,0.473527721295
10.9066259406,0.47351804314
10.9181200393,0.473544884707
10.9294743021,0.473511741188
10.94069043,0.473574436426
10.9517701037,0.473494672026
10.9627149832,0.47362864705
10.9735267085,0.473434677268
10.9842068995,0.473721850588
10.9947571563,0.473395280617
11.0052428437,0.473413382705
11.0156804827,0.473811296037
11.0260224652,0.47354368078
11.0362696678,0.473683729089
11.0464229592,0.473640310315
11.0564832,0.473672604626
11.0664512429,0.473656631598
11.0763279331,0.473653691592
11.0861141075,0.473652509324
11.0958105959,0.473643255616
11.10541822,0.473655590857
11.1149377944,0.473700203057
11.1243701259,0.47374142976
11.1337160142,0.473754093267
11.1429762514,0.473750286744
11.1521516224,0.473764236647
11.1612429051,0.473785312481
11.1702508701,0.473820476452
11.1791762809,0.473864643597
11.1880198942,0.473896339197
11.1967824594,0.473910609531
11.2054647195,0.473936947622
11.2140674104,0.47398420159
11.2225912613,0.47402417472
11.2310369947,0.474037049048
11.2394053266,0.474054364929
11.2476969663,0.474081776809
11.2559126167,0.474100529346
11.264052974,0.474127893288
11.2721187286,0.47416650663
11.2801105639,0.474190216389
11.2880291575,0.474216786204
11.2958751805,0.474258123693
11.3036492981,0.474286836802
11.3113521692,0.474309723176
11.3189844467,0.47435336505
11.3265467778,0.474407081398
11.3340398032,0.47444398297
11.3414641583,0.474459266406
11.3488204723,0.474473110867
11.3561093689,0.4745281742
11.3633314659,0.474603699283
11.3704873753,0.474665199661
11.3775777039,0.474709322866
11.3846030527,0.474764817854
11.3915640171,0.474839800491
11.3984611874,0.474907870165
11.405295148,0.47496482112
11.4120664782,0.47503540141
11.4187757521,0.475114555139
11.4254235383,0.475194955908
11.4320104005,0.475279797831
11.4385368968,0.475369648343
11.4450035806,0.475463926818
11.451411,0.47556694603
11.4577596981,0.475677424586
11.4640502131,0.47578801891
11.4702830783,0.475901701549
11.4764588218,0.476021363659
11.4825779673,0.476139391178
11.4886410335,0.476259210494
11.4946485342,0.476386373487
11.5006009788,0.476518718739
11.5064988718,0.476664541958
11.512342713,0.47683644036
11.5181329979,0.477021327303
11.5238702174,0.47720657796
11.5295548577,0.477399052888
11.5351874007,0.477585940491
11.5407683238,0.477753186649
11.5462981002,0.477924480245
11.5517771985,0.478118943056
11.5572060832,0.478332289718
11.5625852145,0.478562881478
11.5679150484,0.478800707728
11.5731960366,0.479032907146
11.5784286268,0.479267716152
11.5836132625,0.479509136059
11.5887503833,0.479746959213
11.5938404246,0.479987651411
11.5988838177,0.48024974769
11.6038809904,0.480534306021
11.6088323661,0.480839675533
11.6137383645,0.4811680458
11.6185994015,0.481507205832
11.6234158893,0.481846366885
11.628188236,0.482186600556
11.6329168461,0.482523000418
11.6376021206,0.48285133152
11.6422444565,0.483180773376
11.6468442474,0.483513647787
11.6514018831,0.483845655972
11.65591775,0.484181593596
11.660392231,0.484522881349
11.6648257054,0.48486378365
11.6692185487,0.48520957779
11.6735711335,0.485564831789
11.6778838288,0.485921434122
11.682157,0.486278723338
11.6863910095,0.486641182273
11.690586216,0.487001785212
11.6947429752,0.487361032313
11.6988616396,0.487726517319
11.7029425582,0.488092123182
11.7069860768,0.488452663829
11.7109925384,0.488813910681
11.7149622824,0.489170583226
11.7188956454,0.489517313238
11.7227929608,0.489862445374
11.726654559,0.49020690124
11.7304807673,0.490546546328
11.7342719101,0.490891355973
11.7380283085,0.491243287064
11.7417502813,0.49159484898
11.7454381437,0.491951251827
