x,r,z,tau_x_over_rho,tau_r_over_rho,tau_z_over_rho,wall_yplus
10.7106480776,0.099939082702,0.0,-0.00112181086896,-2.0157940149e-11,1.30763404207e-16,1.07627039843
10.7929723873,0.099939082702,0.0,-0.00112181399877,2.78786460026e-11,1.06258681152e-16,1.07627189982
10.875296697,0.099939082702,0.0,-0.00112180690459,4.02318311997e-11,1.6382331271e-16,1.07626849674
10.9576210067,0.099939082702,0.0,-0.00112179389663,4.79698682739e-11,3.32418961438e-17,1.07626225675
11.0399453163,0.099939082702,0.0,-0.00112178232856,4.45346504369e-11,1.12058795873e-16,1.07625670747
11.1189986338,0.099939082702,0.0,-0.0011217749829,4.19763937305e-11,1.79957708392e-16,1.07625318367
11.1917698995,0.099939082702,0.0,-0.00112175969493,1.09807917442e-10,9.78512994257e-17,1.07624584987
11.258758323,0.099939082702,0.0,-0.00112173454899,1.07586246552e-10,9.87799716897e-17,1.07623378699
11.3204234438,0.099939082702,0.0,-0.00112170701031,1.11578512452e-10,7.41914468517e-17,1.07622057605
11.3771882835,0.099939082702,0.0,-0.00112168454934,1.28917595676e-10,1.15750491477e-16,1.07620980092
11.4294422478,0.099939082702,0.0,-0.00112166101818,1.35556762547e-10,1.09107058418e-16,1.07619851233
11.4775437981,0.099939082702,0.0,-0.00112163808979,9.7967263024e-11,1.00671746445e-16,1.07618751265
11.52182291,0.099939082702,0.0,-0.00112162080049,1.71484936011e-10,1.12343389791e-16,1.07617921824
11.5625833376,0.099939082702,0.0,-0.00112159749178,2.21113333326e-10,1.24669003204e-16,1.07616803598
11.6001046966,0.099939082702,0.0,-0.00112156377616,4.04412421937e-10,5.15815966228e-17,1.07615186052
11.6346443829,0.099939082702,0.0,-0.00112150405488,8.07427107196e-10,1.28526556163e-16,1.07612320761
11.6664393381,0.099939082702,0.0,-0.00112141609663,2.13132109145e-09,1.30202872861e-16,1.07608100444
11.6957076751,0.099939082702,0.0,-0.00112115967217,5.8684632631e-09,1.46687648944e-16,1.07595796155
11.7226501742,0.099939082702,0.0,-0.00112054520549,1.42648328305e-08,1.71217635445e-16,1.0756630596
11.7474516603,0.099939082702,0.0,-0.0011192326286,3.1868924699e-08,1.69900427287e-16,1.07503284146
11.7702822713,0.099939082702,0.0,-0.00111661085129,6.72423471852e-08,1.62558239757e-16,1.07377291866
11.7912986247,0.099939082702,0.0,-0.00111164517809,1.34606145111e-07,1.4537543374e-16,1.07138255036
11.8106448923,0.099939082702,0.0,-0.00110266666323,2.56530937723e-07,1.51794969309e-16,1.0670468951
11.8284537893,0.099939082702,0.0,-0.00108724289187,4.65395925722e-07,1.49636181353e-16,1.05955747212
11.8448474842,0.099939082702,0.0,-0.00106191958526,8.03223598184e-07,1.99177133171e-16,1.04714494225
11.8599384376,0.099939082702,0.0,-0.00102245178765,1.3184728284e-06,1.42815691755e-16,1.02750048709
11.8738301731,0.099939082702,0.0,-0.000963686025215,2.0559944098e-06,2.16811986679e-16,0.997534455052
11.8866179879,0.099939082702,0.0,-0.000880581156865,3.02965669939e-06,1.60045230972e-16,0.953551732966
11.898389606,0.099939082702,0.0,-0.000769175236189,4.1985458814e-06,1.60757042051e-16,0.891193078079
11.9092257806,0.099939082702,0.0,-0.000628129253126,5.40474993302e-06,1.54115331415e-16,0.805348967919
11.9192008476,0.099939082702,0.0,-0.000462615818836,6.38552300494e-06,1.40136318561e-16,0.691149792104
11.9283832359,0.099939082702,0.0,-0.00028055288181,6.86024617357e-06,1.26718013816e-16,0.538244527263
11.9368359364,0.099939082702,0.0,-0.000102383461142,6.42827794157e-06,6.27545645458e-17,0.325188731528
11.9446169345,0.099939082702,0.0,5.92300605667e-05,5.43737195621e-06,2.23866009773e-16,0.247271477268
11.9517796077,0.099939082702,0.0,0.000186655816131,3.74556743878e-06,1.54309388566e-16,0.438972587693
11.9583730918,0.099939082702,0.0,0.000271566311158,7.65903307242e-07,1.16671060272e-16,0.529477102687
11.9644426181,0.099939082702,0.0,0.000287490206388,-2.74788435727e-06,9.87537324284e-17,0.544792960806
11.9700298234,0.099939082702,0.0,0.000285388094064,-4.39538175924e-06,8.17572449161e-17,0.542859496574
11.9751730357,0.099939082702,0.0,0.000269383817016,-3.80600475789e-06,6.231522428e-17,0.527462183863
11.9799075376,0.099939082702,0.0,0.000261941069971,-2.75931180648e-06,1.17456722536e-16,0.52014044068
11.9842658073,0.099939082702,0.0,0.000248696400278,-1.68432780671e-06,7.52369357319e-17,0.506817927076
11.9882777428,0.099939082702,0.0,0.000232389971958,-1.46951995364e-06,2.14015916841e-17,0.489793316287
11.9919708657,0.099939082702,0.0,0.000199287304065,-5.25303503243e-06,1.66519672309e-16,0.453355789206
11.995370511,0.099939082702,0.0,0.000150461130992,-1.21454982616e-05,2.26756626076e-16,0.393511483617
11.9985,0.099939082702,0.0,5.46129821139e-05,-2.58395517223e-05,1.73605436463e-16,0.243449588263
12.0,0.054779924549,0.0,-0.00202129546459,0.00706944386092,4.95119696467e-16,12.9168618586
12.0,0.0567016394904,-4.44094110199e-21,-0.00158065865801,0.00590727919555,4.77932427347e-16,11.7357461983
12.0,0.0586233669234,0.0,-0.00124413853079,0.004974924974,4.58717762035e-16,10.7429996375
12.0,0.0605451056581,-8.89160511827e-21,-0.0010263600673,0.00421180120646,4.40718033784e-16,9.85918550759
12.0,0.0624668546514,-8.8960178255e-21,-0.000874330919635,0.00356806432113,4.23891416082e-16,9.06213573515
12.0,0.0643886129846,-8.90016708757e-21,-0.000761276797341,0.00301693335118,4.11646539601e-16,8.32795921982
12.0,0.0663103798456,8.90407581268e-21,-0.000676562493051,0.00253873826567,3.90676855288e-16,7.6391692508
12.0,0.0682321545136,-8.90776432793e-21,-0.000608623546328,0.00211946911506,3.76536000334e-16,6.98477702999
12.0,0.070153936347,8.91125073276e-21,-0.000552162880988,0.00175016812149,3.64243031059e-16,6.35607470828
12.0,0.0720757247726,0.0,-0.000503853455913,0.00142233803616,3.46486860944e-16,5.74328642094
12.0,0.0739975192767,-8.91768020659e-21,-0.000455843445753,0.00112895680889,3.31211380728e-16,5.13771259393
12.0,0.0770441148014,0.0,-0.000383542691,0.000741811908662,3.04902834109e-16,4.21757019304
12.0,0.0808832455802,8.83687913231e-21,-0.000285182756494,0.00038198949235,2.76172850225e-16,3.12351893859
12.0,0.0841714612603,-8.87199803617e-21,-0.00019917654822,0.000167108397345,2.51434163999e-16,2.21290935451
12.0,0.0869876181882,8.8999559503e-21,-0.000133011002305,4.44829921987e-05,2.33591701555e-16,1.47396145544
12.0,0.0893993644732,-8.92249369636e-21,-8.2274616557e-05,-2.03522593883e-05,2.06220873711e-16,1.01448817497
12.0,0.0914646994909,-8.94084630224e-21,-4.37667768328e-05,-5.00489275296e-05,1.81326863635e-16,0.987511315253
12.0,0.0932333317316,0.0,-1.48693564632e-05,-5.88650851852e-05,1.60254456418e-16,1.03202804048
12.0,0.0947478534958,-8.9683685779e-21,6.23270034816e-06,-5.56799171911e-05,1.4244244649e-16,1.01239182892
12.0,0.0960447534561,0.0,2.08644504728e-05,-4.6101208327e-05,1.25530976351e-16,0.945073350097
12.0,0.0971552875708,8.9873644665e-21,2.99680617604e-05,-3.35781445977e-05,1.09176625004e-16,0.853104821732
12.0,0.0981062271449,-8.99461034699e-21,3.41001764615e-05,-2.00476087912e-05,9.25202200554e-17,0.7585861658
12.0,0.0989205008017,-9.00070388206e-21,3.34542004642e-05,-3.46850864604e-06,7.25481251399e-17,0.671898724872
12.0,0.0996177450811,9.00584228013e-21,2.53571209386e-05,3.09403793317e-05,3.70711326712e-17,0.112679315951
7.58232430968,0.099939082702,0.0,-0.00112076815647,-5.16981151206e-10,8.39570737578e-17,1.07577009062
7.66464861937,0.099939082702,0.0,-0.00112084719895,-4.6603805591e-10,9.95341921211e-17,1.07580802444
7.74697292905,0.099939082702,0.0,-0.001120973193,-5.71611088167e-10,2.03123634012e-16,1.07586848833
7.82929723873,0.099939082702,0.0,-0.00112112164638,-4.36037948411e-10,8.42047133393e-17,1.07593972597
7.91162154841,0.099939082702,0.0,-0.00112118883481,-3.82706485965e-10,4.256094311e-17,1.07597196586
7.9939458581,0.099939082702,0.0,-0.0011213157553,-3.52129562838e-10,1.29802169406e-16,1.07603286507
8.07627016778,0.099939082702,0.0,-0.00112137443916,-2.89211409392e-10,5.5714926978e-17,1.0760610217
8.15859447746,0.099939082702,0.0,-0.00112146757238,-2.65334290092e-10,1.24648276577e-16,1.07610570567
8.24091878714,0.099939082702,0.0,-0.00112151708074,-1.5160799605e-10,1.73688593704e-16,1.07612945836
8.32324309683,0.099939082702,0.0,-0.00112155497378,-2.53635240352e-10,1.93206005322e-16,1.07614763799
8.40556740651,0.099939082702,0.0,-0.00112164342087,-2.63905289706e-10,2.26177136362e-16,1.07619007017
8.48789171619,0.099939082702,0.0,-0.00112168974775,-7.15188234079e-11,7.03755729255e-17,1.07621229466
8.57021602588,0.099939082702,0.0,-0.00112169526653,9.69876824022e-11,8.87515855969e-17,1.07621494223
8.65254033556,0.099939082702,0.0,-0.0011216559427,1.40482982302e-10,1.38729720137e-16,1.07619607743
8.73486464524,0.099939082702,0.0,-0.00112163022879,7.8242980455e-11,2.17412443634e-16,1.0761837415
8.81718895493,0.099939082702,0.0,-0.00112161324594,5.67205865021e-11,9.67680587515e-17,1.07617559406
8.89951326461,0.099939082702,0.0,-0.00112159315002,7.09883157223e-11,1.53457908707e-16,1.07616595311
8.98183757429,0.099939082702,0.0,-0.00112157786538,6.19176192987e-11,2.44218733142e-16,1.07615862034
9.06416188397,0.099939082702,0.0,-0.00112156067385,1.82482525478e-11,2.18989632448e-16,1.07615037261
9.14648619366,0.099939082702,0.0,-0.00112154656488,4.69536698957e-11,1.37194853822e-16,1.07614360368
9.22881050334,0.099939082702,0.0,-0.00112152666563,9.00081907764e-11,1.78949112151e-16,1.07613405683
9.31113481302,0.099939082702,0.0,-0.00112150244071,5.88826909544e-11,2.69140507322e-16,1.07612243458
9.3934591227,0.099939082702,0.0,-0.00112148867955,3.97981772e-11,2.38015195703e-16,1.07611583236
9.47578343239,0.099939082702,0.0,-0.00112146783224,8.12744676997e-11,1.55113282236e-16,1.07610583036
9.55810774207,0.099939082702,0.0,-0.00112144022776,9.42039757544e-11,1.96044889599e-16,1.07609258634
9.64043205175,0.099939082702,0.0,-0.00112141198772,1.05385123296e-10,2.29282083766e-16,1.07607903719
9.72275636143,0.099939082702,0.0,-0.00112138336595,1.43044867927e-10,2.61587416426e-16,1.07606530476
9.80508067112,0.099939082702,0.0,-0.00112134180406,6.72707728726e-11,9.57823130185e-17,1.0760453635
9.8874049808,0.099939082702,0.0,-0.00112134526077,-9.01393431287e-11,2.18456662823e-16,1.07604702207
9.96972929047,0.099939082702,0.0,-0.00112138344407,-3.4209558605e-10,1.14372509614e-16,1.0760653424
10.0520536001,0.099939082702,0.0,-0.00112151639961,-7.2759722179e-10,1.69619700413e-16,1.07612913162
10.1343779099,0.099939082702,0.0,-0.0011217367778,-5.79416923471e-10,1.62427281687e-16,1.07623485598
10.2167022196,0.099939082702,0.0,-0.00112181229491,-1.09505035048e-10,1.13008337986e-16,1.07627108231
10.2990265292,0.099939082702,0.0,-0.00112182416392,6.53187474964e-11,1.38110560793e-16,1.07627677602
10.3813508389,0.099939082702,0.0,-0.00112180267111,9.18613865738e-11,1.90164763032e-16,1.07626646594
10.4636751486,0.099939082702,0.0,-0.00112179507747,3.37279870833e-11,1.57177508737e-16,1.07626282324
10.5459994582,0.099939082702,0.0,-0.00112179446917,1.45650786557e-11,1.39421434061e-16,1.07626253143
10.628323768,0.099939082702,0.0,-0.00112179572158,-2.862988614e-11,5.79030733942e-17,1.0762631322
12.3974994809,0.049969541351,0.0,-0.0196062028938,1.30597337045e-06,6.8562777558e-16,1.23243590835
12.4103234296,0.049969541351,0.0,-0.0194196167786,1.23573374198e-06,6.71576649909e-16,1.22655753464
12.4234643142,0.049969541351,0.0,-0.019236903975,1.16978459004e-06,6.56585637931e-16,1.22077375882
12.4369299674,0.049969541351,0.0,-0.0190580304174,1.10819276638e-06,6.53065817781e-16,1.21508484571
12.4507284157,0.049969541351,0.0,-0.0188829495695,1.05054392498e-06,6.16842198446e-16,1.20949064359
12.464867884,0.049969541351,0.0,-0.0187116173774,9.95957014756e-07,6.11922167389e-16,1.20399105527
12.4793568003,0.049969541351,0.0,-0.0185440089414,9.44655134746e-07,6.10480461648e-16,1.19858657841
12.494203801,0.049969541351,0.0,-0.0183800928751,8.96268996135e-07,5.83636122452e-16,1.19327748651
12.5094177359,0.049969541351,0.0,-0.0182198431487,8.50327543111e-07,5.8760485024e-16,1.18806420963
12.5250076736,0.049969541351,0.0,-0.0180632374151,8.06909846742e-07,5.91091061015e-16,1.18294728277
12.5409829068,0.049969541351,0.0,-0.0179102415942,7.65745550588e-07,5.58452950519e-16,1.1779268409
12.5573529578,0.049969541351,0.0,-0.0177608572675,7.2639022726e-07,5.44775927023e-16,1.17300417509
12.5741275843,0.049969541351,0.0,-0.017615048547,6.89213050731e-07,5.20645138655e-16,1.16817933139
12.5913167851,0.049969541351,0.0,-0.0174727789448,6.53916886613e-07,5.19450348043e-16,1.16345231205
12.608930806,0.049969541351,0.0,-0.017334013001,6.20182694298e-07,5.07251237689e-16,1.15882312886
12.6269801464,0.049969541351,0.0,-0.0171987507804,5.88234330054e-07,5.02187629681e-16,1.1542929611
12.6454755649,0.049969541351,0.0,-0.0170669292032,5.57811905328e-07,5.00217020133e-16,1.1498608541
12.6644280859,0.049969541351,0.0,-0.0169385549605,5.28737952897e-07,4.86270604857e-16,1.14552817232
12.6838490064,0.049969541351,0.0,-0.0168135644281,5.01160999981e-07,4.77123654786e-16,1.1412938887
12.7037499028,0.049969541351,0.0,-0.0166919681148,4.74762707147e-07,4.55437168623e-16,1.1371594604
12.7241426373,0.049969541351,0.0,-0.0165736940631,4.49635012588e-07,4.4105034495e-16,1.1331235206
12.7450393653,0.049969541351,0.0,-0.0164587592495,4.25737157518e-07,4.39882603022e-16,1.12918770773
12.7664525428,0.049969541351,0.0,-0.0163470779602,4.02804292562e-07,4.29985800734e-16,1.12535012201
12.7883949335,0.049969541351,0.0,-0.0162386915056,3.81065645683e-07,4.27609322796e-16,1.12161319837
12.8108796164,0.049969541351,0.0,-0.016133477065,3.60223756633e-07,4.19171081124e-16,1.11797369078
12.8339199941,0.049969541351,0.0,-0.0160315291735,3.40389772093e-07,4.17373997911e-16,1.11443583947
12.8575298001,0.049969541351,0.0,-0.0159326657702,3.21403956464e-07,4.17553125945e-16,1.110994268
12.8817231076,0.049969541351,0.0,-0.0158370586582,3.03347690637e-07,4.12919004019e-16,1.10765588186
12.9065143374,0.049969541351,0.0,-0.0157444118936,2.85970397953e-07,4.04248890878e-16,1.10441123711
12.9319182668,0.049969541351,0.0,-0.0156550577839,2.69559842301e-07,4.00225316142e-16,1.10127285069
12.9579500383,0.049969541351,0.0,-0.0155685042031,2.53618745054e-07,3.84878631463e-16,1.09822427603
12.9846251685,0.049969541351,0.0,-0.0154853529336,2.38715222866e-07,3.86036792485e-16,1.09528754549
13.0119595578,0.049969541351,0.0,-0.0154047683232,2.24029539598e-07,3.72786739221e-16,1.09243393118
13.0399694992,0.049969541351,0.0,-0.0153277964283,2.10494308822e-07,3.76474652537e-16,1.08970127045
13.0686716885,0.049969541351,0.0,-0.0152530461176,1.9695032514e-07,3.6765029053e-16,1.08704090558
13.0980832344,0.049969541351,0.0,-0.0151822566176,1.84670218079e-07,3.55750545257e-16,1.08451548959
13.1282216681,0.049969541351,0.0,-0.0151132000262,1.72232723888e-07,3.50364252195e-16,1.08204621567
13.1591049541,0.049969541351,0.0,-0.0150485570158,1.6094112369e-07,3.45227833432e-16,1.07972964206
13.190751501,0.049969541351,0.0,-0.0149851562064,1.49826356635e-07,3.39922965271e-16,1.07745274641
13.2231801724,0.049969541351,0.0,-0.01492642144,1.39012563887e-07,3.31704977982e-16,1.07533911917
13.2564102978,0.049969541351,0.0,-0.0148689123274,1.29526119078e-07,3.22084851011e-16,1.07326556522
13.2904616848,0.049969541351,0.0,-0.0148155493998,1.19326463742e-07,3.16674837296e-16,1.07133791676
13.3253546304,0.049969541351,0.0,-0.0147640587947,1.106079515e-07,3.1278278763e-16,1.06947460918
13.3611099331,0.049969541351,0.0,-0.0147160344664,1.01540084619e-07,2.9900455455e-16,1.06773380622
13.3977489054,0.049969541351,0.0,-0.0146702967881,9.354912798e-08,2.99231888409e-16,1.06607324779
13.4352933869,0.049969541351,0.0,-0.0146275414051,8.54061499415e-08,2.93773749478e-16,1.06451862249
13.4737657564,0.049969541351,0.0,-0.0145873779523,7.82216752089e-08,2.91945907801e-16,1.06305617124
13.5131889463,0.049969541351,0.0,-0.014549710692,7.11874200994e-08,2.77844612837e-16,1.06168278199
13.5535864554,0.049969541351,0.0,-0.0145146998455,6.42953453828e-08,2.78014226991e-16,1.06040465345
13.5949823635,0.049969541351,0.0,-0.0144823196507,5.8070447431e-08,2.74464915045e-16,1.05922118837
13.6374013452,0.049969541351,0.0,-0.014452223898,5.27176257627e-08,2.70344201485e-16,1.05812003059
13.6808686853,0.049969541351,0.0,-0.014424180817,4.73860886756e-08,2.69792690303e-16,1.05709294458
13.7254102932,0.049969541351,0.0,-0.0143985702474,4.20434479897e-08,2.57901538159e-16,1.05615407738
13.7710527189,0.049969541351,0.0,-0.0143752197649,3.73444957297e-08,2.59666432588e-16,1.05529733558
13.8178231683,0.049969541351,0.0,-0.0143539078635,3.25908625071e-08,2.55353680173e-16,1.05451478285
13.8657495197,0.049969541351,0.0,-0.0143350788892,2.85079622749e-08,2.48968941737e-16,1.05382291734
13.9148603407,0.049969541351,0.0,-0.0143178082349,2.43992598557e-08,2.44268475855e-16,1.05318791223
13.9651849046,0.049969541351,0.0,-0.0143032143669,2.10383218283e-08,2.3788667287e-16,1.05265102824
14.0167532083,0.049969541351,0.0,-0.0142895150874,1.75366714696e-08,2.30478708994e-16,1.05214680538
14.06959599,0.049969541351,0.0,-0.0142788421844,1.4586932707e-08,2.27196031093e-16,1.05175380539
14.1237447477,0.049969541351,0.0,-0.0142685430552,1.15856671517e-08,2.30930328979e-16,1.05137442931
14.1792317578,0.049969541351,0.0,-0.0142615537411,9.02213573508e-09,2.22890056409e-16,1.05111689473
14.2360900942,0.049969541351,0.0,-0.0142544348053,6.74370315305e-09,2.19519652099e-16,1.05085451912
14.2943536486,0.049969541351,0.0,-0.0142505890843,4.1798459181e-09,2.15011550603e-16,1.05071275391
14.3540571499,0.049969541351,0.0,-0.0142468205476,2.17535674041e-09,2.1042302942e-16,1.05057381538
14.4152361855,0.049969541351,0.0,-0.0142460024809,1.03229803012e-09,2.04026146865e-16,1.05054365245
14.4779272223,0.049969541351,0.0,-0.0142440785147,-7.66706258783e-10,1.99672947102e-16,1.05047271049
14.5421676285,0.049969541351,0.0,-0.0142461178387,-2.07286601016e-09,1.95742350231e-16,1.05054790586
14.6079956958,0.049969541351,0.0,-0.0142463490054,-3.82265296397e-09,1.89265747614e-16,1.05055642926
14.6754506621,0.049969541351,0.0,-0.0142513786162,-4.68555562887e-09,1.87207138922e-16,1.05074186005
14.7445727353,0.049969541351,0.0,-0.0142533020074,-5.43034432342e-09,1.84759962699e-16,1.05081276264
14.8154031169,0.049969541351,0.0,-0.0142600114748,-6.26647985245e-09,1.79734460235e-16,1.05106005848
14.8879840266,0.049969541351,0.0,-0.0142636188184,-7.68686232233e-09,1.75216928644e-16,1.05119299297
14.9623587277,0.049969541351,0.0,-0.0142733780371,-5.51212817778e-09,1.67927373297e-16,1.05155254646
12.0,0.0509365377971,0.0,-0.00478156573055,0.00967674294432,5.42040707364e-16,16.4986375761
12.0,0.0528582234618,-4.43537252381e-21,-0.00300784772672,0.00825350898799,5.19166735351e-16,14.2830018571
12.0015000001,0.049969541351,0.0,-0.069133899204,0.022444844182,4.28289328135e-15,2.394692833
12.0045370719,0.049969541351,0.0,0.089399162718,-0.00203131117613,3.2535740594e-15,2.6283266158
12.0076492029,0.049969541351,0.0,-0.0126049646797,-0.00305136439652,4.50861917059e-15,0.991738507801
12.0108382483,0.049969541351,0.0,0.00657545143259,-0.000376749996028,4.49970926673e-15,0.715000440404
12.0141061089,0.049969541351,0.0,-0.0142287305458,-0.000748380355756,4.34609386896e-15,1.05015295538
12.0174547327,0.049969541351,0.0,-0.0156598641999,-0.000504567750398,4.23789694751e-15,1.10149141023
12.0208861155,0.049969541351,0.0,-0.0221894679504,-0.000424795106669,3.91056612018e-15,1.31110497205
12.0244023029,0.049969541351,0.0,-0.0252742839685,-0.000292712566608,3.7114617791e-15,1.39925700829
12.0280053905,0.049969541351,0.0,-0.0285085248881,-0.000197552649471,3.50184535612e-15,1.48609555388
12.0316975263,0.049969541351,0.0,-0.0306457600298,-0.000124925454014,3.31702213517e-15,1.54080170362
12.0354809108,0.049969541351,0.0,-0.0322468969008,-6.84489876437e-05,3.13951866038e-15,1.58054571193
12.0393577993,0.049969541351,0.0,-0.0332765050905,-2.80756353745e-05,2.97385309414e-15,1.60558542329
12.0433305026,0.049969541351,0.0,-0.0338879009856,6.47937011498e-07,2.81854831332e-15,1.62027204635
12.0474013888,0.049969541351,0.0,-0.0341692698258,1.97528221662e-05,2.67289863429e-15,1.62698766367
12.0515728843,0.049969541351,0.0,-0.0342097068577,3.15167022567e-05,2.53919313844e-15,1.62795225586
12.0558474758,0.049969541351,0.0,-0.0340791586134,3.78347018507e-05,2.41703414009e-15,1.62484453642
12.060227711,0.049969541351,0.0,-0.0338305270005,4.04094398325e-05,2.30118758473e-15,1.61890741691
12.0647162011,0.049969541351,0.0,-0.0335014924619,4.05837988813e-05,2.19479154509e-15,1.61101599343
12.0693156213,0.049969541351,0.0,-0.0331185852203,3.93077802068e-05,2.11452636207e-15,1.6017832041
12.0740287133,0.049969541351,0.0,-0.0327009087884,3.72261676768e-05,2.02711099e-15,1.59165078146
12.0788582864,0.049969541351,0.0,-0.0322617344223,3.47657478293e-05,1.95218622816e-15,1.58092669558
12.0838072192,0.049969541351,0.0,-0.0318101526298,3.21908641812e-05,1.87988929141e-15,1.56982318878
12.0888784619,0.049969541351,0.0,-0.0313523684474,2.96649722339e-05,1.80985505206e-15,1.55848640838
12.0940750371,0.049969541351,0.0,-0.0308921590437,2.72867687952e-05,1.74927885278e-15,1.54700582215
12.0994000424,0.049969541351,0.0,-0.0304317717588,2.51013464189e-05,1.69037574582e-15,1.53543491295
12.1048566518,0.049969541351,0.0,-0.0299726607833,2.31094670633e-05,1.64890752723e-15,1.52380859729
12.110448118,0.049969541351,0.0,-0.0295161992702,2.12846964847e-05,1.58081370178e-15,1.51216077488
12.1161777736,0.049969541351,0.0,-0.0290640505482,1.95932400314e-05,1.529899459e-15,1.50053388222
12.122049034,0.049969541351,0.0,-0.0286180757805,1.80054871033e-05,1.48978754774e-15,1.48897682419
12.128065399,0.049969541351,0.0,-0.0281802182381,1.65088692117e-05,1.44436785639e-15,1.47754218067
12.1342304546,0.049969541351,0.0,-0.0277519801224,1.51049092752e-05,1.40562182472e-15,1.46627249846
12.1405478757,0.049969541351,0.0,-0.0273343682873,1.37940814931e-05,1.35494442272e-15,1.45519841112
12.1470214279,0.049969541351,0.0,-0.0269280028969,1.25754613556e-05,1.31657799035e-15,1.44434104958
12.1536549698,0.049969541351,0.0,-0.0265332420281,1.14459513738e-05,1.28423780169e-15,1.4337150119
12.1604524555,0.049969541351,0.0,-0.0261502743401,1.04003713847e-05,1.25038138418e-15,1.42333061307
12.1674179368,0.049969541351,0.0,-0.0257792222313,9.43370326615e-06,1.2193153089e-15,1.41319653429
12.1745555654,0.049969541351,0.0,-0.0254201358801,8.54226155887e-06,1.17994028055e-15,1.40331958332
12.1818695961,0.049969541351,0.0,-0.0250729963154,7.7221323917e-06,1.15182311445e-15,1.39370469922
12.1893643886,0.049969541351,0.0,-0.0247377349653,6.97105161119e-06,1.1264186015e-15,1.38435542333
12.19704441,0.049969541351,0.0,-0.0244141034188,6.28802817906e-06,1.09858666304e-15,1.37527017579
12.2049142383,0.049969541351,0.0,-0.0241017599301,5.6709343955e-06,1.08795652122e-15,1.36644453541
12.2129785644,0.049969541351,0.0,-0.0238002411191,5.11742696178e-06,1.04471953638e-15,1.35787034564
12.2212421953,0.049969541351,0.0,-0.023508998814,4.62469993466e-06,1.01700416651e-15,1.34953666535
12.2297100565,0.049969541351,0.0,-0.0232273972383,4.18871844338e-06,9.88285760659e-16,1.34142961851
12.2383871956,0.049969541351,0.0,-0.0229547475041,3.80427225626e-06,9.62821471159e-16,1.33353332837
12.2472787848,0.049969541351,0.0,-0.0226904260954,3.46631616939e-06,9.4016308776e-16,1.32583334402
12.256390124,0.049969541351,0.0,-0.0224338078967,3.16999541221e-06,9.25712461975e-16,1.31831473789
12.2657266441,0.049969541351,0.0,-0.0221842941251,2.90969130697e-06,8.90638648038e-16,1.31096293834
12.2752939105,0.049969541351,0.0,-0.0219413556687,2.68064945136e-06,8.76383571318e-16,1.30376504696
12.2850976257,0.049969541351,0.0,-0.0217045160089,2.47871734746e-06,8.62843702124e-16,1.29670939219
12.2951436336,0.049969541351,0.0,-0.0214733721918,2.299674659e-06,8.40813077409e-16,1.28978620657
12.3054379223,0.049969541351,0.0,-0.0212475593425,2.14032654284e-06,8.19542052732e-16,1.28298661835
12.3159866278,0.049969541351,0.0,-0.0210267952914,1.99786957227e-06,7.98996538261e-16,1.27630403918
12.3267960378,0.049969541351,0.0,-0.0208108206271,1.86981536319e-06,7.92412093265e-16,1.26973240269
12.3378725956,0.049969541351,0.0,-0.020599424104,1.75370927464e-06,7.80059099175e-16,1.26326696283
12.3492229036,0.049969541351,0.0,-0.0203924600484,1.64838722249e-06,7.49429229467e-16,1.25690486898
12.3608537272,0.049969541351,0.0,-0.0201897312909,1.5518287572e-06,7.32429734252e-16,1.25064159149
12.3727719994,0.049969541351,0.0,-0.0199912075124,1.46342337294e-06,7.12436888116e-16,1.24447767861
12.384984824,0.049969541351,0.0,-0.0197966987616,1.38178330573e-06,6.99241525705e-16,1.2384086727
4.45400054174,0.099939082702,0.0,-0.0017976261814,6.41137058086e-07,2.91693722589e-17,1.36242099668
4.53632485142,0.099939082702,0.0,-0.00168549224241,4.17478437055e-07,1.48678056023e-16,1.31924356943
4.6186491611,0.099939082702,0.0,-0.00159785144601,3.30271829275e-07,8.77994862563e-17,1.28448722064
4.70097347079,0.099939082702,0.0,-0.00151944915904,2.71846223056e-07,3.05455097894e-17,1.25257768965
4.78329778047,0.099939082702,0.0,-0.00145752434342,2.02736756794e-07,1.40751688473e-16,1.22678792235
4.86562209015,0.099939082702,0.0,-0.00140997088934,1.6493147578e-07,3.92873435726e-18,1.20660925184
4.94794639983,0.099939082702,0.0,-0.00136702932212,1.46853215141e-07,7.05991353183e-17,1.18809315126
5.03027070952,0.099939082702,0.0,-0.00133013254184,1.17778871535e-07,1.84510328824e-16,1.1719498769
5.1125950192,0.099939082702,0.0,-0.00130164649224,9.39547529751e-08,4.21213056698e-17,1.15933274493
5.19491932888,0.099939082702,0.0,-0.00127665768372,8.50712997373e-08,3.11270236031e-18,1.14815046729
5.27724363857,0.099939082702,0.0,-0.00125388013223,7.28152417874e-08,7.6192281338e-17,1.13786198087
5.35956794825,0.099939082702,0.0,-0.00123565319845,5.80245451399e-08,5.99596571696e-17,1.12956148172
5.44189225793,0.099939082702,0.0,-0.00122019678378,5.2165779333e-08,1.97225057708e-17,1.12247457452
5.52421656761,0.099939082702,0.0,-0.00120561567109,4.68177641577e-08,7.95288542777e-17,1.11574774372
5.6065408773,0.099939082702,0.0,-0.001193521353,3.78939515223e-08,7.42020383497e-17,1.11013724052
5.68886518698,0.099939082702,0.0,-0.00118338274271,3.35986142707e-08,-5.8353989645e-17,1.10541203892
5.77118949666,0.099939082702,0.0,-0.0011738283427,3.07468447362e-08,1.33034652452e-16,1.10094055579
5.85351380635,0.099939082702,0.0,-0.00116566008619,2.54379013022e-08,3.65936624885e-17,1.09710334107
5.93583811603,0.099939082702,0.0,-0.0011588125651,2.19460462437e-08,-2.9060932368e-17,1.09387619691
6.01816242571,0.099939082702,0.0,-0.00115258035253,2.02487588824e-08,4.80158137635e-17,1.09093074234
6.10048673539,0.099939082702,0.0,-0.00114700430059,1.68339917901e-08,-9.09022431603e-18,1.08828864437
6.18281104507,0.099939082702,0.0,-0.00114256003898,1.41112913883e-08,-8.61032765696e-17,1.08617821842
6.26513535476,0.099939082702,0.0,-0.00113845870936,1.28440795107e-08,1.39228085312e-16,1.08422699493
6.34745966444,0.099939082702,0.0,-0.00113494688681,1.05691553475e-08,6.67404711095e-18,1.08255343712
6.42978397412,0.099939082702,0.0,-0.00113206533151,8.69065223863e-09,1.16963222434e-17,1.08117829743
6.51210828381,0.099939082702,0.0,-0.00112958708051,7.5773223268e-09,5.6817188651e-17,1.07999422288
6.59443259349,0.099939082702,0.0,-0.00112746129531,6.24773922552e-09,5.51182220532e-17,1.07897751662
6.67675690317,0.099939082702,0.0,-0.00112573641483,4.93697052523e-09,-3.80874168545e-18,1.07815184748
6.75908121285,0.099939082702,0.0,-0.0011243318818,4.09996277545e-09,2.92074288807e-17,1.07747905557
6.84140552254,0.099939082702,0.0,-0.00112316525695,3.1458188109e-09,-1.67035177695e-17,1.07691990579
6.92372983222,0.099939082702,0.0,-0.00112230581618,2.20799907838e-09,-5.38040137091e-17,1.07650779983
7.0060541419,0.099939082702,0.0,-0.00112165762316,1.55260261634e-09,1.4940678322e-16,1.07619688376
7.08837845159,0.099939082702,0.0,-0.00112120903099,9.73332813628e-10,1.155418954e-16,1.07598165685
7.17070276127,0.099939082702,0.0,-0.00112090719921,4.98635980695e-10,4.20416516396e-17,1.07583681878
7.25302707095,0.099939082702,0.0,-0.00112074879853,2.63627370852e-10,9.90943796313e-17,1.07576080028
7.33535138064,0.099939082702,0.0,-0.00112061940623,-2.41881207896e-11,9.18951683077e-17,1.07569869932
7.41767569032,0.099939082702,0.0,-0.00112063599074,-2.09350462129e-10,1.06377339863e-17,1.07570665912
7.5,0.099939082702,0.0,-0.00112063381246,-3.92254245892e-10,1.42428096069e-16,1.07570561364
3.0,0.0528582234618,0.0,8.99924754878e-05,0.000227653526371,3.04885061863e-17,1.9680652448
3.0,0.054779924549,0.0,4.29485354743e-05,0.000125070561115,8.2006827353e-17,1.74485578896
3.0,0.0567016394904,0.0,3.19842274402e-05,0.000103920190513,9.65379437e-17,1.55421793182
3.0,0.0586233669234,0.0,3.00303778633e-05,8.50647154785e-05,1.04930944408e-16,1.40028587088
3.0,0.0605451056581,0.0,2.71129907335e-05,6.6880126468e-05,1.12580460538e-16,1.25250339262
3.0,0.0624668546514,0.0,2.4164778901e-05,5.08025618561e-05,1.29142515221e-16,1.09926193862
3.0,0.0643886129846,0.0,2.11303072628e-05,3.7017082643e-05,1.56763380079e-16,0.947170638271
3.0,0.0663103798456,0.0,1.8435545874e-05,2.51768013463e-05,1.15485995559e-16,0.793678820366
3.0,0.0682321545136,0.0,1.61822467419e-05,1.49211724829e-05,1.10473579946e-16,0.635530826121
3.0,0.070153936347,0.0,1.4271233017e-05,5.97773545101e-06,1.24889458626e-16,0.475756194523
3.0,0.0720757247726,0.0,1.25510267863e-05,-1.81261417245e-06,1.69970614557e-16,0.387154880726
3.0,0.0739975192767,0.0,1.08379270829e-05,-8.50921639902e-06,1.38498620123e-16,0.466762632802
3.0,0.0770441148014,0.0,7.92403993925e-06,-1.70546515408e-05,1.3587632623e-16,0.612867192324
3.0,0.0808832455802,0.0,3.01460881972e-06,-2.27598154237e-05,1.16735941743e-16,0.699450425431
3.0,0.0841714612603,0.0,-1.34418953557e-06,-2.28827687801e-05,1.23629504136e-16,0.70373331481
3.0,0.0869876181882,0.0,-4.06664143504e-06,-1.9524041827e-05,2.40991547143e-16,0.657443876672
3.0,0.0893993644732,0.0,-4.93552096842e-06,-1.49451377849e-05,1.50487826446e-16,0.584635093915
3.0,0.0914646994909,0.0,-4.62570204725e-06,-1.0640587177e-05,1.12410186462e-16,0.501157162146
3.0,0.0932333317316,0.0,-3.95950074161e-06,-7.18104181062e-06,9.20778611559e-17,0.41722359112
3.0,0.0947478534958,0.0,-3.28842382931e-06,-4.5363516411e-06,7.96170150671e-17,0.33753133296
3.0,0.0960447534561,0.0,-2.63790413463e-06,-2.56443107551e-06,6.38157371989e-17,0.263601802565
3.0,0.0971552875708,0.0,-1.98273317499e-06,-1.16724551244e-06,4.89985057487e-17,0.19586346107
3.0,0.0981062271449,0.0,-1.3245006622e-06,-2.73461164128e-07,3.49886192828e-17,0.134689366068
3.0,0.0989205008017,0.0,-7.07770193743e-07,1.77619124461e-07,1.98740879874e-17,0.0810025894645
3.0,0.0996177450811,0.0,-2.17839183655e-07,2.72782297013e-07,6.25983265425e-18,0.00709434990663
3.0015,0.099939082702,0.0,-2.06757617308e-07,-2.27028013173e-07,2.93150216622e-17,0.015327716087
3.00462948899,0.099939082702,0.0,-4.10560355355e-06,-5.93131130337e-07,1.17883829045e-16,0.0652064874724
3.00802913422,0.099939082702,0.0,-1.05606320532e-05,-6.63244408222e-07,9.25707020277e-17,0.104432058706
3.0117222572,0.099939082702,0.0,-1.68232815679e-05,-5.4170384119e-07,1.13783256301e-16,0.131790550899
3.01573419269,0.099939082702,0.0,-2.16069172915e-05,-3.62430891668e-07,1.1425222331e-16,0.149359483954
3.0200924625,0.099939082702,0.0,-2.43114774682e-05,-2.11032599286e-07,7.20628864609e-17,0.158440601043
3.02482696427,0.099939082702,0.0,-2.47755300217e-05,-1.17110510435e-07,4.42863900636e-18,0.159956274736
3.0299701766,0.099939082702,0.0,-2.22259254575e-05,-5.40481876025e-08,7.0843761947e-17,0.151512386342
3.03555738184,0.099939082702,0.0,-1.44062545971e-05,7.56414078206e-08,-5.35311461688e-17,0.121980168971
3.04162690812,0.099939082702,0.0,2.99724681995e-06,5.82538102699e-07,-1.93740869431e-17,0.0558198778616
3.04822039229,0.099939082702,0.0,3.70181262431e-05,1.76903801325e-06,5.7879228446e-17,0.195585745244
3.05538306552,0.099939082702,0.0,9.63458133496e-05,3.52543725249e-06,6.22356571552e-17,0.315478576793
3.06316406363,0.099939082702,0.0,0.000191287541741,5.68611042436e-06,4.14526927041e-17,0.444489056177
3.07161676412,0.099939082702,0.0,0.000335938980707,8.36113924535e-06,3.77302418174e-17,0.589021707903
3.08079915237,0.099939082702,0.0,0.000549645808551,1.18570367781e-05,4.01971086876e-17,0.753415745251
3.09077421941,0.099939082702,0.0,0.000858413471234,1.65508817224e-05,3.83539091538e-17,0.941534496271
3.10161039401,0.099939082702,0.0,0.00129101436056,2.2402290779e-05,6.43128904115e-17,1.15464441927
3.11338201213,0.099939082702,0.0,0.00187228625988,2.88374557339e-05,-2.06168194501e-17,1.39047326767
3.12616982688,0.099939082702,0.0,0.00260308187816,3.39403020563e-05,-3.35074749248e-18,1.63950952529
3.14006156242,0.099939082702,0.0,0.00344810015764,3.59278217749e-05,7.13278789119e-17,1.88692387201
3.15515251583,0.099939082702,0.0,0.00432999870094,3.29076693679e-05,-1.52921585803e-17,2.11448295038
3.17154621077,0.099939082702,0.0,0.00513465707235,2.484789735e-05,-2.39145977715e-17,2.30257526051
3.1893551077,0.099939082702,0.0,0.00576166607763,1.34332289454e-05,-5.05454972986e-18,2.43911000015
3.20870137533,0.099939082702,0.0,0.00611007993433,3.15559214895e-07,-1.21299232854e-17,2.51177779748
3.22971772872,0.099939082702,0.0,0.00618519447682,-1.06502055276e-05,-6.02494012011e-17,2.5271755487
3.25254833969,0.099939082702,0.0,0.00599699224435,-2.04139924105e-05,2.83306368517e-17,2.48843511743
3.2773498258,0.099939082702,0.0,0.00553694597464,-2.83602675653e-05,2.69540489781e-17,2.39108841875
3.30429232483,0.099939082702,0.0,0.0049001503937,-3.52682059066e-05,3.06234345115e-17,2.24939247578
3.33356066182,0.099939082702,0.0,0.00404835317042,-4.83062674082e-05,1.94919684296e-17,2.04455469167
3.36535561706,0.099939082702,0.0,0.00288389116405,-8.00705892494e-05,-1.1528509776e-17,1.72576522761
3.39989530337,0.099939082702,0.0,0.000842994615606,-6.8148429152e-05,-2.61920955386e-17,0.933666597689
3.43741666238,0.099939082702,0.0,-0.000581996084243,-3.75404806584e-05,2.87725649382e-17,0.77546889242
3.47817708997,0.099939082702,0.0,-0.00137301006365,-3.3149545434e-05,5.34959398514e-17,1.19075900811
3.52245620192,0.099939082702,0.0,-0.00226382799085,-3.20805068405e-05,1.20980556384e-16,1.5289422452
3.57055775216,0.099939082702,0.0,-0.00313460322657,-2.64152908218e-05,4.97469478304e-17,1.79909602456
3.62281171648,0.099939082702,0.0,-0.00399950991739,-2.0507768784e-05,-7.54786774665e-18,2.03219191944
3.67957655614,0.099939082702,0.0,-0.00454214565631,-1.20712414032e-05,7.66947454095e-17,2.16566389204
3.74124167693,0.099939082702,0.0,-0.00477086435785,-3.7559695833e-06,1.07511656263e-16,2.21952028997
3.80823010047,0.099939082702,0.0,-0.00467672841759,2.20782262564e-06,9.35776662436e-17,2.19751616532
3.88100136619,0.099939082702,0.0,-0.00411822144604,5.13619742297e-06,2.06286315734e-17,2.06213116452
3.96005468364,0.099939082702,0.0,-0.00357088476253,4.59268197989e-06,3.72881800524e-17,1.92021400205
4.04237899333,0.099939082702,0.0,-0.00314873997438,3.68219551947e-06,2.98429125819e-17,1.80314290341
4.12470330301,0.099939082702,0.0,-0.00272850049428,2.97263590117e-06,3.5832499886e-17,1.67850940735
4.20702761269,0.099939082702,0.0,-0.00238669957982,2.00027683264e-06,9.39707054983e-17,1.5698589449
4.28935192237,0.099939082702,0.0,-0.00215323454118,1.31385419993e-06,9.58285133618e-17,1.49110202991
4.37167623205,0.099939082702,0.0,-0.00195804406863,9.61255086323e-07,2.73661725139e-17,1.42191254223
0.03764124154,0.049969541351,0.0,-0.030743767991,-0.000552282754111,-5.02294972076e-17,1.54340925076
0.112015882729,0.049969541351,0.0,-0.0115206601064,9.71295739177e-06,-4.98948555235e-18,0.944713944618
0.184596735716,0.049969541351,0.0,-0.0128846060604,-1.67320819003e-06,-1.5885348447e-17,0.999086728367
0.255427063583,0.049969541351,0.0,-0.0144975635169,-8.11183878783e-07,-2.29200787034e-18,1.05977849097
0.324549085979,0.049969541351,0.0,-0.0142848810829,3.65287484305e-07,1.47167309788e-17,1.05197618396
0.392004004289,0.049969541351,0.0,-0.0140304084914,2.21394582673e-07,5.01084533544e-17,1.04256407101
0.457832026192,0.049969541351,0.0,-0.0139157826224,1.01340932693e-07,2.44597704873e-17,1.03829655615
0.522072389626,0.049969541351,0.0,-0.0138388591104,8.83786806015e-08,-7.11195318043e-18,1.03542283631
0.584763386176,0.049969541351,0.0,-0.0137667047465,7.73494092224e-08,-7.5474615653e-18,1.03272001568
0.645942383904,0.049969541351,0.0,-0.013713196222,5.54709343222e-08,-1.63605761013e-17,1.03071107005
0.705645849616,0.049969541351,0.0,-0.0136752264915,3.84555665469e-08,-2.24516809044e-17,1.02928314067
0.7639093706,0.049969541351,0.0,-0.0136496518578,2.60298780349e-08,-8.60661540785e-17,1.02832023673
0.820767675845,0.049969541351,0.0,-0.0136319768207,1.63592978446e-08,-1.63124530435e-17,1.02765423121
0.876254656732,0.049969541351,0.0,-0.013621743145,8.82724236133e-09,6.6658125663e-18,1.02726842312
0.93040338724,0.049969541351,0.0,-0.0136156990498,-9.12498174174e-10,-2.14941069888e-17,1.02704049349
0.983246143667,0.049969541351,0.0,-0.0136184023295,-5.09097119033e-09,8.2688540357e-17,1.02714244341
1.03481442386,0.049969541351,0.0,-0.0136187698515,-1.04235317362e-08,-4.76895663471e-17,1.02715630318
1.08513896597,0.049969541351,0.0,-0.013628266214,-1.73357626583e-08,6.85142749929e-17,1.02751435857
1.13424976684,0.049969541351,0.0,-0.0136369016253,-1.88854977279e-08,6.13530668523e-17,1.02783984397
1.1821760998,0.049969541351,0.0,-0.0136484788229,-2.26553189248e-08,3.82812896658e-17,1.0282760494
1.2289465322,0.049969541351,0.0,-0.0136611247503,-2.59320315558e-08,4.17781037677e-17,1.02875231103
1.27458894234,0.049969541351,0.0,-0.0136760117544,-2.87851707486e-08,3.8145617782e-17,1.02931269203
1.31913053619,0.049969541351,0.0,-0.0136913724979,-3.13041793362e-08,-1.2266861966e-17,1.02989058606
1.36259786355,0.049969541351,0.0,-0.0137084035433,-3.35378669666e-08,2.62157730937e-17,1.03053094049
1.40501683386,0.049969541351,0.0,-0.0137255008025,-3.55105764179e-08,2.83024682527e-17,1.03117338452
1.44641273169,0.049969541351,0.0,-0.0137438201381,-3.72331138028e-08,1.84783181203e-17,1.03186130522
1.48681023179,0.049969541351,0.0,-0.0137618916443,-3.86904979693e-08,8.14928368987e-17,1.03253947046
1.52623341379,0.049969541351,0.0,-0.0137807959602,-3.99201219884e-08,-2.99215737517e-18,1.03324841201
1.56470577656,0.049969541351,0.0,-0.0137992062298,-4.09049682677e-08,-1.83694893039e-17,1.03393835883
1.60225025224,0.049969541351,0.0,-0.0138181363755,-4.17037506659e-08,2.86042201204e-17,1.03464730888
1.63888921984,0.049969541351,0.0,-0.0138364021011,-4.22790999634e-08,-6.07598867807e-18,1.03533091563
1.67464451867,0.049969541351,0.0,-0.0138549412121,-4.27025735123e-08,-4.08428735816e-17,1.03602429276
1.70953746131,0.049969541351,0.0,-0.0138727183617,-4.29484257884e-08,-5.75013589812e-17,1.03668873638
1.74358884627,0.049969541351,0.0,-0.0138905917549,-4.30949858051e-08,-1.90451093662e-17,1.03735634818
1.77681897051,0.049969541351,0.0,-0.0139076581242,-4.30969297541e-08,6.42193555118e-18,1.03799341506
1.8092476414,0.049969541351,0.0,-0.0139247065094,-4.30398476065e-08,-7.4075348715e-17,1.03862942047
1.84089418863,0.049969541351,0.0,-0.0139409415051,-4.28711366106e-08,-2.83092031678e-17,1.03923471984
1.87177747567,0.049969541351,0.0,-0.0139570819856,-4.26814402497e-08,-1.99192294408e-17,1.03983614606
1.90191591103,0.049969541351,0.0,-0.0139724397324,-4.24201253475e-08,-4.39672899e-17,1.04040808329
1.93132745925,0.049969541351,0.0,-0.0139876539987,-4.21814791237e-08,-2.71718933872e-17,1.04097436732
1.96002965161,0.049969541351,0.0,-0.0140021411465,-4.18382956978e-08,-2.56260463186e-17,1.04151330139
1.98803959654,0.049969541351,0.0,-0.0140164344263,-4.1581154608e-08,-5.67446164773e-18,1.04204475025
2.01537398986,0.049969541351,0.0,-0.0140300887462,-4.11729577212e-08,-2.8538519223e-17,1.04255218846
2.04204912471,0.049969541351,0.0,-0.014043488883,-4.09313622155e-08,-6.17887651178e-17,1.0430499404
2.06808090127,0.049969541351,0.0,-0.0140563624724,-4.04815666134e-08,-2.47925263787e-17,1.04352790997
2.09348483622,0.049969541351,0.0,-0.014068905985,-4.02429466876e-08,-3.98519209679e-17,1.043993414
2.11827607203,0.049969541351,0.0,-0.014081044011,-3.97996379913e-08,-3.74990526149e-17,1.04444367243
2.14246938596,0.049969541351,0.0,-0.0140927842733,-3.95186546601e-08,-3.12084578688e-17,1.04487899129
2.16607919883,0.049969541351,0.0,-0.014104216325,-3.90941394827e-08,-4.28516281051e-17,1.04530270774
2.1891195837,0.049969541351,0.0,-0.0141152156322,-3.88389256633e-08,-1.18949697543e-17,1.04571022293
2.21160427418,0.049969541351,0.0,-0.014125994115,-3.84324495875e-08,-4.76446120783e-17,1.04610940276
2.23354667266,0.049969541351,0.0,-0.0141363030276,-3.82375898255e-08,-4.39516692883e-17,1.04649104966
2.2549598583,0.049969541351,0.0,-0.0141464786482,-3.78264072296e-08,-4.42900405065e-17,1.04686762549
2.2758565948,0.049969541351,0.0,-0.0141561463797,-3.76664668379e-08,-4.6220931304e-17,1.0472252801
2.29624933802,0.049969541351,0.0,-0.014165765022,-3.72544633604e-08,-4.47276667145e-17,1.04758099749
2.31615024341,0.049969541351,0.0,-0.0141748322128,-3.70615400804e-08,-4.43779603714e-17,1.0479162105
2.33557117324,0.049969541351,0.0,-0.014183928162,-3.67616787799e-08,-4.32673878913e-17,1.04825237899
2.35452370371,0.049969541351,0.0,-0.0141924647753,-3.65107220252e-08,-6.46245331275e-17,1.04856777749
2.37301913181,0.049969541351,0.0,-0.0142010433772,-3.62827743805e-08,-5.58121755089e-17,1.04888463177
2.39106848204,0.049969541351,0.0,-0.0142091132385,-3.60156489537e-08,-5.12814600541e-17,1.04918260817
2.40868251304,0.049969541351,0.0,-0.0142171955093,-3.58864884327e-08,-4.78221694789e-17,1.04948095798
2.42587172396,0.049969541351,0.0,-0.0142248401562,-3.55954885503e-08,-8.62963502259e-17,1.04976307526
2.44264636073,0.049969541351,0.0,-0.014232447696,-3.55278661116e-08,-5.91102939706e-17,1.05004374791
2.45901642217,0.049969541351,0.0,-0.0142397089506,-3.53447655221e-08,-4.81144173953e-17,1.05031157473
2.47499166592,0.049969541351,0.0,-0.0142469051233,-3.51597075217e-08,-5.92719194653e-17,1.05057693369
2.49058161432,0.049969541351,0.0,-0.0142537883246,-3.50361441665e-08,-7.10304324702e-17,1.05083068913
2.50579556003,0.049969541351,0.0,-0.0142606273571,-3.4871912886e-08,-2.24022012884e-17,1.05108275557
2.52064257158,0.049969541351,0.0,-0.0142671579118,-3.46686347066e-08,-3.94918695448e-17,1.05132339604
2.5351314988,0.049969541351,0.0,-0.0142736165503,-3.4639464601e-08,-7.46256269618e-17,1.05156133231
2.54927097806,0.049969541351,0.0,-0.0142798246879,-3.38459985303e-08,-4.70105186623e-17,1.05178998943
2.56306943743,0.049969541351,0.0,-0.0142858064372,-3.42252763671e-08,-6.48209724785e-17,1.05201026124
2.57653510174,0.049969541351,0.0,-0.0142917987302,-3.36960316187e-08,-3.79382364262e-17,1.05223087506
2.58967599743,0.049969541351,0.0,-0.0142973982359,-3.39363026687e-08,1.89657568355e-18,1.05243698615
2.60249995735,0.049969541351,0.0,-0.0143031475407,-3.38668963737e-08,-3.77988096621e-17,1.05264856913
2.61501462545,0.049969541351,0.0,-0.0143084587634,-3.36633914001e-08,-6.68408850686e-17,1.0528439923
2.62722746132,0.049969541351,0.0,-0.014313879391,-3.41999938702e-08,-4.93121467648e-17,1.0530434035
2.63914574464,0.049969541351,0.0,-0.0143190591056,-3.34651176761e-08,-4.31847274056e-17,1.05323391689
2.65077657949,0.049969541351,0.0,-0.0143240783155,-3.43269265073e-08,-1.60507254367e-17,1.05341849394
2.66212689865,0.049969541351,0.0,-0.014329186411,-3.41186744995e-08,-2.52889656429e-17,1.05360630644
2.67320346767,0.049969541351,0.0,-0.0143339686761,-3.42523283347e-08,-2.99740798346e-17,1.05378210872
2.68401288892,0.049969541351,0.0,-0.0143388532567,-3.59569947175e-08,-2.97321333954e-17,1.05396164182
2.69456160556,0.049969541351,0.0,-0.0143437466157,-3.53392949342e-08,-2.79301550946e-17,1.05414146685
2.70485590533,0.049969541351,0.0,-0.0143483221534,-3.46342124911e-08,8.31038413942e-19,1.05430958483
2.71490192432,0.049969541351,0.0,-0.0143528290515,-3.62432713847e-08,-2.13934436867e-17,1.05447515445
2.72470565065,0.049969541351,0.0,-0.0143574736137,-3.56212977323e-08,-4.62995834746e-17,1.05464575406
2.73427292798,0.049969541351,0.0,-0.0143616657113,-3.41317874838e-08,-6.0186080103e-17,1.05479971077
2.74360945908,0.049969541351,0.0,-0.0143658542174,-3.55637685775e-08,-3.4078088104e-17,1.05495351309
2.75272080913,0.049969541351,0.0,-0.0143700826491,-3.52404918461e-08,-2.81842685087e-17,1.05510875854
2.76161240911,0.049969541351,0.0,-0.0143740329215,-3.46758089435e-08,-5.38093473776e-17,1.055253771
2.77028955902,0.049969541351,0.0,-0.0143779770568,-3.51295434025e-08,-3.615839215e-17,1.05539853824
2.77875743103,0.049969541351,0.0,-0.0143818211521,-3.48007339925e-08,-2.54430301585e-17,1.05553961438
2.78702107256,0.049969541351,0.0,-0.014385553946,-3.38770263029e-08,8.31230248253e-18,1.0556765879
2.79508540928,0.049969541351,0.0,-0.0143890696988,-3.35745158582e-08,-3.6030002559e-17,1.05580558087
2.8029552481,0.049969541351,0.0,-0.0143925511534,-3.2286947168e-08,-1.84680586543e-17,1.05593330005
2.81063527997,0.049969541351,0.0,-0.0143956772008,-3.33490027315e-08,-3.2368310504e-17,1.05604796784
2.81813008271,0.049969541351,0.0,-0.0143990795805,-3.5391519946e-08,-3.17105676069e-17,1.05617275725
2.82544412371,0.049969541351,0.0,-0.0144023559149,-3.37141415657e-08,-3.28985159933e-17,1.05629290977
2.83258176265,0.049969541351,0.0,-0.0144054198527,-3.17299857306e-08,-3.10439786267e-17,1.05640526096
2.83954725402,0.049969541351,0.0,-0.0144082126585,-2.88861998294e-08,-3.19500153317e-17,1.05650765969
2.84634474976,0.049969541351,0.0,-0.0144106945878,-2.76271582711e-08,-5.15918528729e-17,1.05659865199
2.8529783016,0.049969541351,0.0,-0.0144131221236,-2.8542944735e-08,-6.01380011823e-17,1.05668764244
2.85945186361,0.049969541351,0.0,-0.0144155443936,-3.03150352868e-08,-4.39982061084e-17,1.05677643221
2.86576929445,0.049969541351,0.0,-0.014418065416,-3.25525958622e-08,-3.86027270185e-18,1.05686883371
2.87193435975,0.049969541351,0.0,-0.0144207047629,-3.24636740533e-08,-3.57873231899e-17,1.05696556328
2.87795073429,0.049969541351,0.0,-0.0144230940084,-2.98521090806e-08,-3.75394240107e-17,1.05705311965
2.88382200425,0.049969541351,0.0,-0.0144252823106,-3.05970743836e-08,-4.61439588921e-17,1.05713330613
2.88955166929,0.049969541351,0.0,-0.0144275940673,-3.21543634578e-08,-4.1365353012e-17,1.05721800905
2.89514314468,0.049969541351,0.0,-0.0144298339779,-3.03310000682e-08,-3.7301217645e-17,1.05730007335
2.90059976332,0.049969541351,0.0,-0.0144318931348,-3.17364097575e-08,-3.58057775915e-17,1.05737551037
2.90592477771,0.049969541351,0.0,-0.0144341839785,-3.57901683448e-08,-3.22473603039e-17,1.05745942808
2.91112136194,0.049969541351,0.0,-0.0144365467966,-3.48226246369e-08,-8.39941665675e-17,1.0575459748
2.91619261351,0.049969541351,0.0,-0.0144385544025,-3.33228552668e-08,-4.51249935533e-17,1.05761950586
2.92114155522,0.049969541351,0.0,-0.0144407456009,-3.70713440249e-08,-3.3004146781e-17,1.05769975573
2.925971137,0.049969541351,0.0,-0.0144430913321,-3.90381909712e-08,-5.05809412243e-17,1.05778565803
2.93068423757,0.049969541351,0.0,-0.0144452679249,-4.31926310361e-08,-3.75556853594e-17,1.05786535977
2.93528366629,0.049969541351,0.0,-0.014447823661,-4.59087086546e-08,-1.56193002232e-17,1.0579589367
2.9397721647,0.049969541351,0.0,-0.0144501639981,-4.63288588635e-08,-3.35061145463e-17,1.05804462133
2.94415240827,0.049969541351,0.0,-0.0144526952971,-5.67994422855e-08,-4.83185554923e-17,1.05813728971
2.94842700792,0.049969541351,0.0,-0.0144557174992,-6.7314490743e-08,-5.28945703639e-17,1.05824791709
2.95259851158,0.049969541351,0.0,-0.0144590174311,-7.96452798313e-08,-4.69522299266e-17,1.05836870075
2.95666940576,0.049969541351,0.0,-0.0144631110866,-1.11341092574e-07,-5.26147559857e-17,1.05851851798
2.96064211699,0.049969541351,0.0,-0.0144686986801,-1.51807848996e-07,-4.06157006704e-17,1.05872297059
2.96451901327,0.049969541351,0.0,-0.0144755427657,-1.93235665286e-07,-3.51397132005e-17,1.05897334565
2.96830240549,0.049969541351,0.0,-0.0144839343257,-2.53603614704e-07,-2.74524568456e-17,1.05928025636
2.97199454881,0.049969541351,0.0,-0.0144949332359,-3.57195801652e-07,-2.66859855806e-17,1.05968239866
2.97559764399,0.049969541351,0.0,-0.0145103724391,-5.24766908321e-07,-2.55214477269e-17,1.06024663038
2.97911383872,0.049969541351,0.0,-0.0145320668285,-7.72811479941e-07,-2.59875038652e-17,1.06103895792
2.9825452289,0.049969541351,0.0,-0.0145626910556,-1.16766125122e-06,6.77362155676e-18,1.06215644425
2.98589385986,0.049969541351,0.0,-0.014607768448,-1.8632965709e-06,-1.93732287504e-17,1.06379928053
2.9891617276,0.049969541351,0.0,-0.014677155573,-3.5524222807e-06,-2.46658058601e-17,1.06632340194
2.99235078001,0.049969541351,0.0,-0.0148240379454,-6.2475713874e-06,-6.74454317966e-17,1.07164802673
2.99546291797,0.049969541351,0.0,-0.014971224135,-1.31869014043e-05,-5.31103673546e-17,1.07717753076
2.99849999652,0.049969541351,0.0,-0.0151604289175,-0.000804889910953,-4.28149475264e-17,1.08360576668
3.0,0.0509365377971,0.0,-0.000270786575862,0.00183040241819,2.49457363996e-17,2.71407548201
